student,type_school,school_accreditation,gender,interest,residence,parent_age,parent_salary,house_area,average_grades,parent_was_in_college,will_go_to_college
student1,Academic,A,Male,Less Interested,Urban,56,6950000,83,84.09,FALSE,TRUE
student2,Academic,A,Male,Less Interested,Urban,57,4410000,76.8,86.91,FALSE,TRUE
student3,Academic,B,Female,Very Interested,Urban,50,6500000,80.6,87.43,FALSE,TRUE
student4,Vocational,B,Male,Very Interested,Rural,49,6600000,78.2,82.12,TRUE,TRUE
student5,Academic,A,Female,Very Interested,Urban,57,5250000,75.1,86.79,FALSE,FALSE
student6,Vocational,B,Female,Less Interested,Rural,48,3770000,65.3,86.79,TRUE,FALSE
student7,Academic,A,Male,Very Interested,Rural,52,6680000,85.5,90.39,TRUE,TRUE
student8,Academic,B,Male,Very Interested,Rural,53,5890000,83.3,84.65,TRUE,FALSE
student9,Academic,B,Female,Uncertain,Rural,52,6730000,80.3,88.5,TRUE,TRUE
student10,Academic,B,Female,Very Interested,Rural,47,3880000,68,85.43,TRUE,FALSE
student11,Vocational,A,Male,Not Interested,Rural,57,5680000,67.1,89.45,TRUE,FALSE
student12,Vocational,B,Male,Uncertain,Rural,48,5950000,60.7,84.96,TRUE,FALSE
student13,Vocational,B,Male,Uncertain,Rural,47,6930000,65.4,86.23,TRUE,FALSE
student14,Academic,B,Male,Very Interested,Rural,53,7130000,88.5,91.92,TRUE,TRUE
student15,Academic,A,Male,Very Interested,Urban,51,3370000,67.1,84.09,FALSE,FALSE
student16,Vocational,A,Female,Less Interested,Urban,53,6940000,50.1,89.71,TRUE,TRUE
student17,Academic,B,Male,Very Interested,Rural,48,3970000,63.5,86.38,TRUE,FALSE
student18,Vocational,B,Female,Very Interested,Rural,49,6790000,75.9,85.68,TRUE,FALSE
student19,Vocational,A,Female,Less Interested,Rural,47,7180000,68.3,84.9,FALSE,FALSE
student20,Vocational,B,Female,Very Interested,Rural,47,4090000,54.5,85.94,TRUE,FALSE
student21,Vocational,B,Female,Very Interested,Urban,52,6680000,64.5,87.64,TRUE,TRUE
student22,Academic,B,Female,Interested,Urban,56,2600000,77.5,86.5,TRUE,FALSE
student23,Academic,A,Female,Very Interested,Urban,51,3900000,57.9,83.18,FALSE,FALSE
student24,Academic,B,Female,Interested,Urban,60,4250000,58.1,83.99,FALSE,FALSE
student25,Academic,B,Male,Very Interested,Urban,54,6400000,83.8,88.3,FALSE,TRUE
student26,Vocational,A,Male,Not Interested,Urban,51,5760000,71.5,83.42,FALSE,TRUE
student27,Vocational,B,Male,Very Interested,Rural,55,4950000,94.6,85.39,TRUE,FALSE
student28,Vocational,A,Male,Uncertain,Urban,53,4720000,78.5,82.26,FALSE,TRUE
student29,Vocational,B,Male,Not Interested,Rural,51,4890000,90,87.36,TRUE,FALSE
student30,Vocational,B,Female,Uncertain,Rural,50,6450000,78.4,85.86,TRUE,FALSE
student31,Vocational,A,Male,Very Interested,Rural,49,6470000,74.6,86.32,TRUE,TRUE
student32,Vocational,B,Male,Less Interested,Urban,54,5080000,40.7,82.39,TRUE,FALSE
student33,Academic,A,Male,Very Interested,Urban,60,3230000,79.6,85.96,FALSE,FALSE
student34,Academic,B,Male,Less Interested,Rural,52,6130000,76.1,82.7,TRUE,FALSE
student35,Vocational,A,Female,Very Interested,Rural,52,5700000,102.8,85.31,TRUE,TRUE
student36,Academic,A,Female,Very Interested,Urban,53,5900000,79.7,88.96,FALSE,TRUE
student37,Academic,A,Male,Uncertain,Urban,55,6610000,76.1,89.83,FALSE,TRUE
student38,Vocational,A,Female,Very Interested,Rural,48,5940000,62.4,83.67,TRUE,FALSE
student39,Academic,A,Male,Less Interested,Urban,54,7310000,54.6,83.57,FALSE,FALSE
student40,Vocational,B,Female,Not Interested,Rural,53,4660000,80.2,86.73,TRUE,FALSE
student41,Academic,A,Female,Not Interested,Urban,50,5630000,69.9,80.5,FALSE,TRUE
student42,Academic,B,Female,Less Interested,Urban,53,3970000,65.6,88.49,TRUE,FALSE
student43,Vocational,B,Female,Very Interested,Urban,53,5550000,82.9,83.74,TRUE,TRUE
student44,Vocational,A,Female,Very Interested,Rural,52,6680000,89.2,89.35,TRUE,TRUE
student45,Vocational,A,Female,Very Interested,Urban,50,5570000,75.8,83.55,FALSE,TRUE
student46,Academic,A,Male,Uncertain,Urban,50,2660000,64.6,79.92,TRUE,FALSE
student47,Academic,A,Female,Uncertain,Rural,51,4720000,57.2,84.81,TRUE,FALSE
student48,Vocational,A,Male,Very Interested,Urban,55,4740000,97.1,90.49,FALSE,TRUE
student49,Academic,A,Female,Uncertain,Rural,54,7260000,77.1,89.02,TRUE,TRUE
student50,Vocational,A,Male,Uncertain,Rural,53,5570000,79.7,88.42,FALSE,FALSE
student51,Vocational,A,Male,Very Interested,Rural,46,7460000,89.7,90.78,TRUE,TRUE
student52,Vocational,A,Male,Less Interested,Urban,56,6110000,61.6,87.56,FALSE,TRUE
student53,Vocational,B,Female,Uncertain,Rural,51,5930000,79.8,92.53,TRUE,TRUE
student54,Academic,B,Female,Less Interested,Urban,51,3850000,57.2,84.37,FALSE,FALSE
student55,Vocational,B,Male,Uncertain,Rural,51,6540000,87.1,88.19,TRUE,FALSE
student56,Vocational,A,Male,Very Interested,Urban,55,4880000,88.2,93.05,FALSE,TRUE
student57,Vocational,A,Male,Uncertain,Rural,55,4590000,75,94.03,TRUE,TRUE
student58,Vocational,A,Male,Uncertain,Rural,47,6390000,70.3,84.25,TRUE,FALSE
student59,Academic,A,Female,Interested,Urban,46,7610000,59.8,83.17,FALSE,FALSE
student60,Academic,A,Male,Very Interested,Urban,55,3760000,87.1,91.15,TRUE,TRUE
student61,Academic,A,Female,Not Interested,Rural,49,6220000,84,82.48,TRUE,TRUE
student62,Academic,B,Male,Less Interested,Rural,49,6210000,82.3,83.72,FALSE,FALSE
student63,Vocational,A,Male,Not Interested,Urban,51,4800000,66.2,79.17,FALSE,TRUE
student64,Vocational,A,Female,Very Interested,Rural,48,5840000,79.7,85.51,TRUE,FALSE
student65,Academic,A,Male,Interested,Urban,55,5610000,82.4,82.49,FALSE,FALSE
student66,Vocational,A,Male,Less Interested,Urban,54,5620000,68.6,86,FALSE,TRUE
student67,Vocational,B,Male,Uncertain,Rural,52,6300000,77.8,86.73,TRUE,FALSE
student68,Academic,A,Male,Very Interested,Urban,52,4740000,50.9,84.78,FALSE,FALSE
student69,Vocational,A,Male,Not Interested,Rural,51,5720000,84.1,86.89,TRUE,TRUE
student70,Vocational,A,Female,Very Interested,Rural,53,6200000,81.2,89.19,TRUE,TRUE
student71,Academic,A,Female,Very Interested,Urban,53,5570000,93.5,88.92,FALSE,TRUE
student72,Vocational,B,Male,Uncertain,Rural,49,6700000,78.9,87.54,TRUE,FALSE
student73,Academic,B,Female,Very Interested,Rural,47,4100000,60.6,83.24,TRUE,FALSE
student74,Academic,A,Female,Less Interested,Urban,57,3200000,74.8,84.93,FALSE,FALSE
student75,Vocational,B,Male,Not Interested,Rural,54,7570000,74.6,93.57,TRUE,TRUE
student76,Vocational,B,Female,Interested,Urban,55,4200000,51.2,84.02,FALSE,FALSE
student77,Academic,B,Male,Uncertain,Urban,57,4500000,50.7,80.55,FALSE,TRUE
student78,Vocational,A,Male,Very Interested,Rural,54,5750000,94.1,88.87,FALSE,TRUE
student79,Academic,B,Male,Uncertain,Rural,50,8390000,81.4,89.21,TRUE,TRUE
student80,Academic,A,Male,Very Interested,Urban,52,6550000,79.4,91.17,FALSE,TRUE
student81,Academic,B,Female,Very Interested,Urban,54,4730000,88.4,82.52,FALSE,FALSE
student82,Vocational,B,Male,Uncertain,Rural,50,5540000,86.8,85.88,TRUE,FALSE
student83,Academic,B,Male,Less Interested,Urban,58,5030000,69.9,82.39,FALSE,TRUE
student84,Vocational,A,Male,Uncertain,Urban,52,5920000,76,86.2,FALSE,TRUE
student85,Academic,A,Female,Interested,Urban,56,3990000,61,84.48,FALSE,FALSE
student86,Vocational,B,Female,Interested,Urban,56,5280000,56,88.38,FALSE,FALSE
student87,Vocational,A,Male,Less Interested,Urban,55,6090000,75.3,89.31,TRUE,TRUE
student88,Vocational,A,Male,Less Interested,Urban,51,7040000,57.6,87.37,TRUE,TRUE
student89,Vocational,A,Female,Very Interested,Urban,52,5420000,83.4,83.14,FALSE,TRUE
student90,Vocational,A,Male,Very Interested,Urban,53,5510000,76.4,83.7,FALSE,TRUE
student91,Academic,A,Female,Less Interested,Urban,55,4740000,65,87.56,FALSE,FALSE
student92,Vocational,B,Male,Interested,Urban,54,3240000,54.5,81.7,FALSE,FALSE
student93,Vocational,A,Male,Interested,Urban,60,6650000,96.7,92.76,FALSE,TRUE
student94,Academic,B,Male,Less Interested,Urban,52,4070000,58,85.08,TRUE,FALSE
student95,Vocational,B,Male,Very Interested,Rural,41,9110000,79.2,91.7,TRUE,TRUE
student96,Academic,B,Female,Very Interested,Rural,49,7480000,84.1,87.4,TRUE,TRUE
student97,Vocational,A,Male,Uncertain,Rural,48,5740000,65.2,83.28,FALSE,FALSE
student98,Vocational,A,Female,Very Interested,Urban,54,6020000,84.3,87.17,TRUE,TRUE
student99,Academic,B,Female,Very Interested,Rural,51,6460000,87.2,84.75,TRUE,TRUE
student100,Vocational,A,Male,Uncertain,Rural,52,5610000,104.2,83.73,FALSE,TRUE
student101,Academic,A,Female,Uncertain,Urban,52,3520000,69.2,82.44,FALSE,FALSE
student102,Academic,A,Male,Very Interested,Urban,55,3100000,82.5,84.05,FALSE,FALSE
student103,Vocational,A,Male,Uncertain,Rural,52,5570000,96.9,85.81,FALSE,TRUE
student104,Academic,A,Female,Less Interested,Rural,51,5050000,74.7,84.28,FALSE,FALSE
student105,Academic,A,Female,Very Interested,Urban,52,5430000,81.5,90.54,FALSE,TRUE
student106,Vocational,A,Female,Uncertain,Rural,53,4760000,82.8,85.77,TRUE,FALSE
student107,Vocational,A,Female,Very Interested,Rural,49,6370000,97.9,85.37,TRUE,TRUE
student108,Academic,B,Male,Very Interested,Rural,54,5840000,86.7,88.18,TRUE,TRUE
student109,Academic,A,Male,Less Interested,Urban,59,4370000,73.4,84.01,FALSE,FALSE
student110,Academic,A,Male,Interested,Urban,57,6090000,34,83.5,FALSE,FALSE
student111,Vocational,A,Male,Uncertain,Rural,51,5200000,74.7,86.62,TRUE,FALSE
student112,Academic,B,Female,Less Interested,Urban,52,2960000,79.4,86.99,TRUE,FALSE
student113,Academic,B,Male,Less Interested,Rural,52,8160000,75.9,93.55,TRUE,TRUE
student114,Vocational,B,Female,Interested,Urban,52,4540000,45.9,84.98,TRUE,FALSE
student115,Academic,B,Female,Very Interested,Rural,49,7790000,80.2,87.53,TRUE,TRUE
student116,Vocational,A,Male,Less Interested,Rural,43,7510000,60.5,84.64,FALSE,FALSE
student117,Vocational,A,Male,Uncertain,Rural,50,6030000,75.9,86.34,FALSE,FALSE
student118,Academic,A,Male,Very Interested,Rural,53,4260000,76.2,89.55,FALSE,FALSE
student119,Vocational,B,Female,Less Interested,Urban,60,4720000,77.6,83.62,FALSE,TRUE
student120,Vocational,B,Male,Not Interested,Rural,55,2920000,82.5,85.43,TRUE,FALSE
student121,Vocational,B,Female,Interested,Urban,49,4150000,46.1,81.91,TRUE,FALSE
student122,Academic,B,Male,Uncertain,Rural,48,7700000,67,88.34,TRUE,TRUE
student123,Academic,B,Female,Very Interested,Rural,52,6710000,77.8,88.17,TRUE,TRUE
student124,Vocational,B,Female,Not Interested,Rural,46,6650000,77.7,83.72,TRUE,TRUE
student125,Academic,B,Female,Less Interested,Urban,56,6990000,67.5,89.74,TRUE,TRUE
student126,Academic,A,Female,Less Interested,Urban,54,5230000,49.8,82.32,FALSE,FALSE
student127,Academic,B,Male,Not Interested,Rural,46,7200000,76,92.99,TRUE,TRUE
student128,Academic,B,Male,Less Interested,Urban,50,3430000,59.1,84.1,FALSE,FALSE
student129,Vocational,B,Male,Not Interested,Rural,50,4850000,71.6,93.53,TRUE,TRUE
student130,Academic,B,Male,Less Interested,Urban,53,3510000,70.5,85.29,TRUE,FALSE
student131,Vocational,B,Female,Very Interested,Rural,55,5650000,73,84.81,FALSE,FALSE
student132,Academic,A,Female,Uncertain,Rural,46,2780000,62,79.02,TRUE,FALSE
student133,Vocational,B,Male,Uncertain,Rural,53,6380000,89.6,88.18,TRUE,TRUE
student134,Vocational,B,Male,Interested,Rural,50,5070000,49.3,85.72,TRUE,FALSE
student135,Academic,B,Female,Uncertain,Rural,50,4410000,90.6,96.56,TRUE,TRUE
student136,Vocational,B,Male,Uncertain,Rural,49,4190000,87.2,83.54,TRUE,FALSE
student137,Academic,B,Female,Very Interested,Urban,53,4930000,89.1,92.08,TRUE,TRUE
student138,Academic,A,Female,Very Interested,Urban,49,4100000,58.4,83.16,FALSE,FALSE
student139,Academic,A,Female,Less Interested,Urban,53,4510000,52.6,81.87,FALSE,FALSE
student140,Academic,A,Male,Interested,Urban,53,3320000,63.4,83.62,FALSE,FALSE
student141,Vocational,A,Male,Very Interested,Rural,54,5890000,85.6,88.55,FALSE,TRUE
student142,Academic,A,Female,Interested,Urban,58,4950000,50.4,83.52,FALSE,FALSE
student143,Vocational,A,Male,Less Interested,Rural,48,8120000,68.8,82.45,FALSE,FALSE
student144,Academic,A,Female,Uncertain,Rural,47,6360000,84.5,82.23,TRUE,TRUE
student145,Vocational,B,Female,Uncertain,Rural,53,3980000,80.5,84.13,TRUE,FALSE
student146,Academic,B,Male,Very Interested,Rural,50,6460000,79.3,86.48,TRUE,TRUE
student147,Vocational,A,Female,Uncertain,Rural,49,5710000,74.3,82.02,TRUE,TRUE
student148,Academic,B,Female,Less Interested,Urban,56,5670000,75.3,83.71,FALSE,FALSE
student149,Vocational,B,Female,Uncertain,Rural,42,8080000,83,89.39,TRUE,TRUE
student150,Academic,B,Female,Less Interested,Urban,49,4840000,54.9,85.81,TRUE,FALSE
student151,Academic,B,Female,Uncertain,Rural,48,5020000,88,92.47,TRUE,TRUE
student152,Vocational,B,Female,Uncertain,Rural,46,7080000,46.3,84.33,TRUE,TRUE
student153,Academic,B,Female,Very Interested,Urban,58,5390000,74.9,86.92,FALSE,TRUE
student154,Academic,B,Female,Uncertain,Rural,52,4890000,109.1,80.65,TRUE,TRUE
student155,Vocational,B,Male,Uncertain,Rural,55,3610000,79,83.12,TRUE,FALSE
student156,Vocational,A,Female,Very Interested,Rural,49,6750000,77.4,86.38,TRUE,TRUE
student157,Vocational,A,Male,Uncertain,Urban,56,3970000,84.7,86.49,FALSE,FALSE
student158,Vocational,B,Female,Uncertain,Rural,52,4150000,78.3,84.49,TRUE,FALSE
student159,Academic,A,Female,Less Interested,Urban,55,6960000,78.5,83.84,FALSE,FALSE
student160,Vocational,B,Female,Interested,Urban,54,3680000,51.7,85.09,TRUE,FALSE
student161,Vocational,B,Male,Uncertain,Rural,54,4640000,84.3,92.8,TRUE,TRUE
student162,Academic,B,Male,Very Interested,Urban,52,6750000,90.1,86.23,FALSE,TRUE
student163,Academic,A,Male,Less Interested,Urban,54,3650000,76.4,87.09,FALSE,FALSE
student164,Academic,A,Female,Very Interested,Urban,56,3700000,72.7,85.14,FALSE,FALSE
student165,Academic,B,Male,Not Interested,Rural,49,7570000,62.3,89.95,TRUE,TRUE
student166,Academic,B,Male,Uncertain,Urban,53,6160000,80.8,91.16,TRUE,TRUE
student167,Vocational,B,Female,Uncertain,Rural,54,4840000,84.6,86.15,TRUE,FALSE
student168,Academic,A,Female,Very Interested,Urban,59,2910000,79.6,85.24,FALSE,FALSE
student169,Vocational,A,Female,Less Interested,Rural,49,5920000,100.2,83.94,TRUE,TRUE
student170,Academic,B,Female,Less Interested,Urban,50,3360000,63.5,84.98,TRUE,FALSE
student171,Vocational,A,Male,Uncertain,Urban,55,5610000,65,88.23,FALSE,TRUE
student172,Academic,B,Female,Not Interested,Rural,50,8290000,67.4,89.16,TRUE,TRUE
student173,Academic,A,Male,Very Interested,Urban,60,1830000,75.9,81.19,FALSE,FALSE
student174,Vocational,B,Male,Less Interested,Rural,50,6680000,87.9,86.56,TRUE,TRUE
student175,Academic,A,Male,Less Interested,Urban,53,4180000,69.3,80.96,FALSE,FALSE
student176,Academic,B,Male,Very Interested,Rural,49,3770000,66.7,85.93,TRUE,FALSE
student177,Vocational,A,Male,Very Interested,Rural,52,6140000,86.3,87.28,FALSE,TRUE
student178,Academic,B,Female,Uncertain,Rural,52,5340000,85.2,95.1,TRUE,TRUE
student179,Academic,A,Female,Less Interested,Urban,51,4720000,104.5,87.24,FALSE,TRUE
student180,Vocational,A,Male,Uncertain,Rural,52,5720000,55,85.31,TRUE,FALSE
student181,Academic,A,Female,Less Interested,Urban,53,5310000,72.3,81.04,FALSE,FALSE
student182,Academic,A,Male,Very Interested,Urban,51,7430000,74.3,88.84,FALSE,TRUE
student183,Vocational,B,Male,Uncertain,Rural,55,4830000,83.3,87.3,TRUE,FALSE
student184,Academic,B,Female,Uncertain,Rural,50,5690000,75.2,91.47,TRUE,TRUE
student185,Academic,A,Female,Less Interested,Rural,44,5410000,36.6,83.48,FALSE,FALSE
student186,Vocational,B,Female,Uncertain,Rural,54,5490000,81.3,91.27,TRUE,TRUE
student187,Vocational,A,Male,Not Interested,Urban,55,3660000,77.5,78.59,FALSE,TRUE
student188,Academic,A,Female,Less Interested,Urban,53,5110000,68.2,82.67,FALSE,FALSE
student189,Vocational,B,Male,Very Interested,Urban,53,5690000,66.4,86.53,TRUE,TRUE
student190,Academic,B,Female,Very Interested,Rural,54,6160000,120,88.98,TRUE,TRUE
student191,Academic,B,Female,Less Interested,Rural,54,4550000,65.8,84.97,TRUE,FALSE
student192,Vocational,B,Female,Uncertain,Rural,47,6130000,81.5,84.88,TRUE,FALSE
student193,Vocational,A,Male,Uncertain,Rural,52,5620000,74.9,85.15,FALSE,FALSE
student194,Academic,B,Male,Very Interested,Urban,55,5250000,80.7,83.89,FALSE,FALSE
student195,Vocational,B,Female,Uncertain,Rural,54,3700000,99.6,83.5,TRUE,FALSE
student196,Academic,A,Male,Interested,Urban,55,5120000,49.7,85.73,FALSE,FALSE
student197,Vocational,A,Male,Very Interested,Rural,47,6200000,75.3,82.35,TRUE,TRUE
student198,Vocational,B,Female,Not Interested,Rural,53,4340000,87.5,85.56,TRUE,FALSE
student199,Academic,B,Male,Uncertain,Rural,55,5530000,112.5,88.51,TRUE,TRUE
student200,Academic,B,Male,Interested,Urban,53,4100000,54,84.9,FALSE,FALSE
student201,Vocational,A,Male,Uncertain,Urban,56,5580000,65.2,85.96,FALSE,TRUE
student202,Academic,A,Female,Less Interested,Urban,58,5370000,72.3,84.78,FALSE,FALSE
student203,Academic,B,Female,Very Interested,Rural,54,5790000,94.9,86.6,TRUE,TRUE
student204,Academic,A,Male,Interested,Urban,56,5280000,65.6,88.94,FALSE,FALSE
student205,Academic,A,Male,Very Interested,Urban,51,4440000,59.3,84.45,FALSE,FALSE
student206,Academic,A,Male,Uncertain,Urban,54,4940000,100.1,83.52,FALSE,TRUE
student207,Academic,A,Male,Less Interested,Urban,59,3720000,60.7,84.44,FALSE,FALSE
student208,Vocational,B,Female,Very Interested,Rural,46,5920000,90.3,81.98,TRUE,FALSE
student209,Academic,A,Male,Very Interested,Urban,53,4840000,87.7,89.03,FALSE,TRUE
student210,Vocational,A,Female,Very Interested,Rural,50,5470000,67.2,80.9,FALSE,FALSE
student211,Vocational,B,Male,Less Interested,Rural,48,7640000,64.2,86.93,TRUE,TRUE
student212,Vocational,B,Male,Uncertain,Rural,49,5810000,89.5,87.68,TRUE,FALSE
student213,Vocational,B,Male,Uncertain,Rural,48,6280000,72.4,85.15,TRUE,FALSE
student214,Vocational,A,Female,Very Interested,Urban,54,6010000,80.1,87.39,FALSE,TRUE
student215,Vocational,A,Female,Uncertain,Urban,56,4250000,75.9,84.35,FALSE,FALSE
student216,Academic,A,Female,Very Interested,Urban,52,5320000,65.7,85.39,FALSE,TRUE
student217,Academic,A,Male,Less Interested,Urban,54,7260000,92.8,89.07,FALSE,TRUE
student218,Academic,B,Male,Very Interested,Urban,51,4970000,87.8,89.41,TRUE,TRUE
student219,Vocational,B,Female,Not Interested,Rural,50,3010000,76.7,82.93,TRUE,FALSE
student220,Academic,A,Female,Very Interested,Urban,52,8020000,68.5,83.64,FALSE,TRUE
student221,Academic,B,Female,Uncertain,Urban,64,3860000,86.1,85.28,FALSE,TRUE
student222,Academic,A,Female,Very Interested,Urban,52,5980000,72,87.66,FALSE,TRUE
student223,Academic,A,Male,Very Interested,Urban,57,6540000,60.1,85.58,FALSE,FALSE
student224,Vocational,B,Female,Uncertain,Urban,50,7550000,75.6,89.39,FALSE,TRUE
student225,Vocational,A,Female,Uncertain,Urban,53,4330000,63.3,91.09,FALSE,TRUE
student226,Academic,B,Male,Uncertain,Urban,51,4170000,83.8,90.96,TRUE,TRUE
student227,Academic,B,Female,Uncertain,Urban,53,5730000,86.5,83.84,TRUE,TRUE
student228,Academic,B,Male,Uncertain,Urban,48,6090000,68.7,90.83,TRUE,TRUE
student229,Academic,B,Female,Very Interested,Rural,53,6140000,79.7,92.76,TRUE,TRUE
student230,Vocational,A,Male,Uncertain,Rural,51,6040000,71.9,88.74,TRUE,TRUE
student231,Vocational,B,Female,Uncertain,Urban,54,6580000,66.2,88.54,TRUE,TRUE
student232,Vocational,B,Male,Not Interested,Urban,53,5190000,59.9,92.69,TRUE,TRUE
student233,Academic,B,Male,Uncertain,Urban,53,6150000,83.9,91.02,TRUE,TRUE
student234,Academic,A,Male,Uncertain,Rural,51,3510000,78.3,83.9,TRUE,FALSE
student235,Academic,B,Female,Uncertain,Urban,52,8080000,67.8,87.39,FALSE,TRUE
student236,Vocational,B,Male,Uncertain,Urban,58,4540000,63.6,84.63,FALSE,FALSE
student237,Academic,B,Male,Less Interested,Urban,56,4560000,64.1,87.81,FALSE,FALSE
student238,Vocational,B,Female,Not Interested,Rural,52,8400000,76.1,91.53,TRUE,TRUE
student239,Academic,B,Female,Very Interested,Rural,52,7960000,88.2,93.35,TRUE,TRUE
student240,Academic,A,Male,Less Interested,Urban,57,3830000,89.3,84.92,FALSE,TRUE
student241,Vocational,A,Female,Less Interested,Urban,55,5110000,99.3,86.1,FALSE,TRUE
student242,Vocational,A,Male,Interested,Urban,52,5230000,33.4,81.13,FALSE,FALSE
student243,Vocational,B,Female,Uncertain,Rural,50,6290000,91.3,87.52,TRUE,FALSE
student244,Academic,A,Female,Less Interested,Rural,51,5350000,47.4,82.61,TRUE,FALSE
student245,Academic,B,Female,Very Interested,Urban,54,6570000,83.3,89.42,FALSE,TRUE
student246,Vocational,A,Male,Very Interested,Urban,53,6410000,74.8,85.65,FALSE,TRUE
student247,Academic,B,Female,Uncertain,Rural,48,6750000,91,85.01,TRUE,TRUE
student248,Academic,B,Male,Uncertain,Urban,52,6200000,67.8,88.72,TRUE,TRUE
student249,Academic,B,Male,Uncertain,Rural,50,2810000,80.5,85.62,TRUE,FALSE
student250,Vocational,B,Male,Less Interested,Urban,56,5550000,91.3,86.02,FALSE,TRUE
student251,Vocational,A,Female,Less Interested,Urban,61,4230000,81.5,84.39,FALSE,TRUE
student252,Vocational,B,Male,Interested,Urban,50,4160000,47.5,81.8,TRUE,FALSE
student253,Academic,B,Male,Uncertain,Rural,50,7880000,93,96.1,TRUE,TRUE
student254,Academic,B,Female,Very Interested,Urban,56,6070000,71.3,86.86,FALSE,TRUE
student255,Academic,A,Male,Not Interested,Rural,49,2600000,100.8,88.86,TRUE,FALSE
student256,Academic,B,Female,Less Interested,Urban,46,2730000,62.4,83.08,TRUE,FALSE
student257,Academic,A,Male,Interested,Urban,52,4920000,41.8,81.64,FALSE,FALSE
student258,Vocational,B,Female,Less Interested,Rural,54,6160000,103.5,88.91,TRUE,TRUE
student259,Vocational,A,Female,Uncertain,Rural,43,7090000,59.5,84.19,TRUE,FALSE
student260,Academic,B,Male,Very Interested,Urban,54,6060000,86.3,86.55,TRUE,TRUE
student261,Vocational,A,Male,Very Interested,Urban,58,4410000,80.7,85.44,FALSE,TRUE
student262,Academic,A,Male,Less Interested,Urban,53,3340000,86.1,90.01,FALSE,TRUE
student263,Vocational,B,Male,Uncertain,Rural,48,5280000,78.8,82.24,TRUE,FALSE
student264,Vocational,B,Female,Interested,Urban,50,5680000,20.4,80.57,TRUE,FALSE
student265,Academic,B,Male,Less Interested,Urban,53,6140000,76.2,84.33,FALSE,FALSE
student266,Academic,B,Female,Uncertain,Urban,50,2160000,78.4,83.17,TRUE,FALSE
student267,Academic,A,Male,Less Interested,Urban,57,3040000,72.3,84.79,FALSE,FALSE
student268,Academic,B,Female,Not Interested,Rural,49,6340000,77.3,92.68,TRUE,TRUE
student269,Vocational,A,Male,Very Interested,Urban,54,5510000,58.2,84.89,FALSE,TRUE
student270,Vocational,A,Male,Uncertain,Rural,49,6680000,79.3,87.67,TRUE,TRUE
student271,Academic,A,Male,Uncertain,Rural,47,3040000,85.3,85.93,TRUE,FALSE
student272,Academic,A,Female,Uncertain,Urban,52,5040000,65.5,88.37,TRUE,TRUE
student273,Academic,B,Female,Uncertain,Rural,48,6710000,90.7,85.78,TRUE,TRUE
student274,Academic,A,Female,Interested,Urban,54,5370000,38,82.7,FALSE,FALSE
student275,Academic,B,Male,Uncertain,Rural,52,5060000,87.3,93.89,TRUE,TRUE
student276,Academic,B,Female,Very Interested,Rural,46,3780000,68.6,89.13,TRUE,FALSE
student277,Academic,B,Female,Uncertain,Rural,50,7230000,93.8,89.53,TRUE,TRUE
student278,Vocational,B,Female,Less Interested,Urban,53,6210000,84.3,85.94,TRUE,TRUE
student279,Academic,B,Female,Very Interested,Rural,49,7900000,75.8,90.67,TRUE,TRUE
student280,Academic,A,Female,Less Interested,Urban,56,4120000,67,86.6,FALSE,FALSE
student281,Vocational,A,Female,Uncertain,Rural,52,5860000,68.9,89.04,TRUE,TRUE
student282,Academic,A,Female,Less Interested,Rural,51,4760000,87.1,82.36,FALSE,FALSE
student283,Academic,A,Male,Less Interested,Urban,57,2940000,79.7,82.57,FALSE,FALSE
student284,Academic,B,Male,Less Interested,Urban,50,3230000,64.8,86.02,TRUE,FALSE
student285,Academic,B,Male,Very Interested,Urban,50,6740000,71.2,87.64,FALSE,TRUE
student286,Academic,A,Male,Less Interested,Rural,53,5680000,81.3,84.25,FALSE,FALSE
student287,Academic,B,Male,Less Interested,Urban,55,1660000,92.1,88.26,FALSE,FALSE
student288,Academic,B,Female,Less Interested,Urban,54,3210000,106.9,92.85,FALSE,TRUE
student289,Academic,A,Male,Less Interested,Rural,52,5720000,81.7,83.88,FALSE,FALSE
student290,Academic,B,Male,Very Interested,Rural,52,6720000,89.8,88.78,TRUE,TRUE
student291,Academic,A,Female,Uncertain,Urban,58,5060000,62.1,88.85,FALSE,FALSE
student292,Academic,A,Female,Less Interested,Urban,52,3320000,64.6,82.33,FALSE,FALSE
student293,Academic,B,Male,Interested,Urban,60,3540000,64.7,83.03,FALSE,FALSE
student294,Vocational,B,Male,Interested,Urban,52,5290000,41.7,86.38,FALSE,FALSE
student295,Academic,B,Male,Very Interested,Rural,49,7710000,92.3,90.4,TRUE,TRUE
student296,Vocational,B,Male,Uncertain,Urban,55,4730000,69.5,83.84,FALSE,FALSE
student297,Vocational,A,Female,Uncertain,Rural,50,6630000,98.5,89.28,TRUE,TRUE
student298,Vocational,B,Male,Interested,Urban,51,4020000,62.8,88.1,TRUE,FALSE
student299,Vocational,A,Female,Less Interested,Rural,44,8370000,65.3,83.54,FALSE,FALSE
student300,Academic,A,Female,Uncertain,Rural,53,5660000,76.9,89.97,FALSE,TRUE
student301,Academic,A,Male,Very Interested,Rural,51,5460000,80.6,85.23,FALSE,FALSE
student302,Academic,A,Male,Interested,Urban,54,5670000,65.4,81.76,FALSE,FALSE
student303,Academic,A,Female,Less Interested,Urban,46,4980000,47.8,84.72,FALSE,FALSE
student304,Academic,B,Male,Uncertain,Rural,49,6910000,84.6,91.38,TRUE,TRUE
student305,Academic,A,Female,Uncertain,Urban,51,5550000,68.2,87.61,FALSE,TRUE
student306,Vocational,B,Female,Not Interested,Rural,49,5520000,65.3,87.58,TRUE,TRUE
student307,Academic,B,Male,Uncertain,Rural,48,7310000,105.5,87.66,TRUE,TRUE
student308,Academic,A,Female,Uncertain,Rural,53,5390000,47.1,81,TRUE,FALSE
student309,Academic,A,Male,Very Interested,Rural,47,5840000,90.2,86.36,TRUE,FALSE
student310,Vocational,B,Female,Not Interested,Rural,55,4450000,77.4,84.93,TRUE,FALSE
student311,Academic,B,Female,Very Interested,Rural,48,3440000,58.3,84.07,TRUE,FALSE
student312,Academic,A,Female,Very Interested,Urban,53,3310000,66.6,83.14,FALSE,FALSE
student313,Vocational,B,Female,Not Interested,Rural,53,4110000,73.2,85.7,TRUE,FALSE
student314,Academic,A,Female,Very Interested,Urban,56,3380000,69.1,84.06,FALSE,FALSE
student315,Vocational,A,Male,Less Interested,Urban,54,6530000,66.6,89.2,FALSE,TRUE
student316,Academic,B,Male,Very Interested,Urban,54,4120000,80.8,92.07,FALSE,TRUE
student317,Vocational,B,Male,Very Interested,Rural,51,5310000,70.9,83.42,TRUE,FALSE
student318,Academic,A,Male,Less Interested,Urban,55,4880000,95.1,90.47,FALSE,TRUE
student319,Academic,B,Female,Less Interested,Urban,55,5780000,85.1,85.9,TRUE,TRUE
student320,Vocational,A,Female,Interested,Urban,47,6410000,20,81.46,FALSE,FALSE
student321,Vocational,A,Male,Very Interested,Urban,59,3800000,66.6,82.98,FALSE,FALSE
student322,Academic,A,Male,Interested,Urban,60,3860000,70.5,84.83,FALSE,FALSE
student323,Academic,A,Female,Very Interested,Urban,56,3390000,80.5,84.04,FALSE,FALSE
student324,Academic,B,Male,Less Interested,Rural,47,5100000,40.6,82.32,TRUE,FALSE
student325,Vocational,A,Female,Uncertain,Rural,50,6920000,91.5,90.79,TRUE,TRUE
student326,Academic,B,Female,Very Interested,Urban,55,2920000,67,82.93,TRUE,FALSE
student327,Academic,B,Male,Less Interested,Rural,46,4010000,58.5,84.11,TRUE,FALSE
student328,Academic,A,Female,Very Interested,Urban,53,4510000,66.7,87.71,FALSE,FALSE
student329,Vocational,A,Male,Less Interested,Rural,48,5750000,66.9,82.11,FALSE,FALSE
student330,Academic,B,Female,Very Interested,Urban,54,5250000,69.6,84.81,TRUE,TRUE
student331,Vocational,A,Male,Very Interested,Urban,53,4360000,75.2,83.29,FALSE,FALSE
student332,Vocational,A,Female,Very Interested,Rural,51,5940000,62.8,82.23,FALSE,FALSE
student333,Academic,B,Female,Less Interested,Urban,52,3640000,59.4,84.59,TRUE,FALSE
student334,Vocational,B,Male,Interested,Urban,58,5060000,48.4,86.75,FALSE,FALSE
student335,Academic,B,Female,Very Interested,Urban,54,5560000,79.9,83.41,TRUE,TRUE
student336,Academic,A,Male,Uncertain,Rural,54,8650000,76.7,90.03,TRUE,TRUE
student337,Academic,B,Female,Less Interested,Rural,40,3810000,44.7,81,TRUE,FALSE
student338,Vocational,B,Male,Uncertain,Rural,52,6450000,65.1,86.14,TRUE,FALSE
student339,Academic,A,Male,Not Interested,Rural,53,5810000,107.1,88.37,TRUE,TRUE
student340,Academic,B,Female,Uncertain,Rural,50,6250000,79.9,90.96,TRUE,TRUE
student341,Vocational,A,Female,Uncertain,Urban,52,4740000,76,79.11,FALSE,TRUE
student342,Academic,A,Female,Less Interested,Urban,52,3260000,57.1,80.26,FALSE,FALSE
student343,Academic,A,Male,Less Interested,Urban,50,4660000,51.1,85.87,FALSE,FALSE
student344,Vocational,A,Male,Very Interested,Rural,51,5140000,67.6,83.26,FALSE,FALSE
student345,Vocational,B,Male,Uncertain,Rural,52,6230000,84.4,86.39,TRUE,FALSE
student346,Academic,B,Male,Less Interested,Urban,46,3800000,57.4,84.84,TRUE,FALSE
student347,Academic,B,Female,Uncertain,Rural,51,5630000,93.5,85.19,TRUE,TRUE
student348,Academic,B,Female,Very Interested,Urban,55,6340000,91.6,90.95,FALSE,TRUE
student349,Academic,A,Male,Less Interested,Urban,51,4860000,54.3,84.33,FALSE,FALSE
student350,Academic,B,Female,Very Interested,Urban,54,7570000,71.3,88.33,TRUE,TRUE
student351,Academic,B,Female,Very Interested,Rural,51,5950000,86.2,88.76,TRUE,TRUE
student352,Vocational,A,Female,Not Interested,Urban,52,5240000,60.2,91.2,TRUE,TRUE
student353,Vocational,B,Female,Not Interested,Rural,52,5480000,56.1,90.51,TRUE,TRUE
student354,Vocational,B,Female,Very Interested,Rural,43,6800000,76.2,82.62,TRUE,FALSE
student355,Academic,B,Male,Less Interested,Urban,55,6490000,72.5,84.22,FALSE,FALSE
student356,Academic,A,Female,Less Interested,Urban,47,4600000,52.7,83.92,TRUE,FALSE
student357,Academic,B,Female,Very Interested,Rural,52,5500000,97.7,85.13,TRUE,TRUE
student358,Academic,A,Male,Very Interested,Urban,57,6690000,89.8,89.87,FALSE,TRUE
student359,Academic,B,Male,Uncertain,Rural,52,5090000,96.2,82.28,TRUE,TRUE
student360,Academic,B,Female,Very Interested,Rural,46,3470000,61.2,83.73,TRUE,FALSE
student361,Academic,A,Female,Less Interested,Urban,50,6840000,53.5,81.78,FALSE,FALSE
student362,Vocational,B,Male,Less Interested,Rural,48,4640000,51.7,85.14,TRUE,FALSE
student363,Academic,A,Female,Uncertain,Urban,50,5580000,62.4,89.9,FALSE,TRUE
student364,Vocational,B,Female,Uncertain,Rural,49,6740000,81.5,89.87,TRUE,FALSE
student365,Academic,A,Female,Uncertain,Rural,52,6450000,82.3,88.27,TRUE,TRUE
student366,Academic,B,Female,Very Interested,Rural,43,3800000,48.5,79.1,TRUE,FALSE
student367,Vocational,A,Female,Very Interested,Rural,50,6400000,81.3,85.36,FALSE,TRUE
student368,Academic,A,Female,Less Interested,Urban,50,4640000,50.8,83.92,FALSE,FALSE
student369,Academic,A,Female,Less Interested,Rural,46,5570000,35.2,82.31,FALSE,FALSE
student370,Academic,B,Male,Not Interested,Urban,56,6090000,75.8,85.13,FALSE,TRUE
student371,Academic,B,Female,Less Interested,Urban,57,3070000,75.8,85.02,FALSE,FALSE
student372,Academic,A,Male,Less Interested,Urban,57,3370000,71.6,84.67,FALSE,FALSE
student373,Academic,B,Male,Less Interested,Urban,59,5170000,83.4,87.65,FALSE,TRUE
student374,Academic,A,Female,Less Interested,Urban,54,5920000,88.2,83.23,FALSE,TRUE
student375,Academic,A,Male,Very Interested,Urban,51,7320000,77.6,86.81,FALSE,TRUE
student376,Academic,A,Male,Less Interested,Urban,51,6670000,71.6,85.12,FALSE,FALSE
student377,Academic,A,Male,Uncertain,Urban,55,2450000,86.4,85.18,FALSE,FALSE
student378,Vocational,B,Female,Not Interested,Rural,50,4740000,96.9,84.93,TRUE,FALSE
student379,Vocational,B,Female,Interested,Urban,53,5370000,38.1,82.5,FALSE,FALSE
student380,Academic,A,Female,Very Interested,Urban,54,4590000,79.5,89.54,FALSE,TRUE
student381,Academic,B,Male,Very Interested,Rural,51,7310000,90.8,91.89,TRUE,TRUE
student382,Academic,A,Female,Less Interested,Urban,53,3890000,56.7,83.25,FALSE,FALSE
student383,Academic,B,Female,Very Interested,Rural,50,3440000,76.4,88.65,TRUE,FALSE
student384,Academic,B,Male,Not Interested,Urban,55,5010000,86.3,82.13,FALSE,TRUE
student385,Academic,B,Male,Less Interested,Urban,53,3460000,71.8,84.48,TRUE,FALSE
student386,Academic,B,Male,Very Interested,Rural,52,6370000,89.4,85.48,TRUE,TRUE
student387,Academic,B,Female,Very Interested,Urban,55,5770000,74.3,84.29,FALSE,FALSE
student388,Academic,A,Female,Not Interested,Urban,59,4390000,115.7,87.16,FALSE,TRUE
student389,Vocational,A,Female,Less Interested,Rural,49,6900000,68.4,86.93,TRUE,TRUE
student390,Vocational,B,Male,Not Interested,Rural,55,3030000,103.4,89.26,TRUE,FALSE
student391,Academic,B,Male,Uncertain,Rural,51,7120000,105.9,88.74,TRUE,TRUE
student392,Academic,B,Male,Very Interested,Urban,58,5280000,78,85.84,FALSE,TRUE
student393,Vocational,A,Female,Uncertain,Urban,48,5870000,56.5,82.11,FALSE,FALSE
student394,Academic,B,Female,Less Interested,Urban,50,3540000,58.8,82.63,TRUE,FALSE
student395,Academic,B,Female,Very Interested,Rural,49,3340000,64.3,83.59,TRUE,FALSE
student396,Academic,A,Male,Interested,Urban,58,5520000,64,80.75,FALSE,FALSE
student397,Vocational,B,Female,Very Interested,Rural,51,5010000,78.7,84.11,FALSE,FALSE
student398,Vocational,A,Female,Uncertain,Rural,50,6740000,80.4,87.52,TRUE,TRUE
student399,Academic,A,Female,Very Interested,Urban,51,5480000,77.3,90.4,FALSE,TRUE
student400,Academic,A,Male,Uncertain,Rural,43,4160000,63.5,87.68,TRUE,FALSE
student401,Vocational,B,Male,Interested,Urban,53,4480000,52.5,84.74,TRUE,FALSE
student402,Academic,B,Female,Interested,Urban,56,3090000,69.4,84.66,FALSE,FALSE
student403,Academic,A,Male,Uncertain,Rural,50,6530000,100.1,87.42,TRUE,TRUE
student404,Academic,A,Male,Interested,Urban,54,4350000,55.2,85.68,FALSE,FALSE
student405,Vocational,A,Male,Interested,Rural,47,8380000,81.2,93.07,TRUE,TRUE
student406,Vocational,A,Male,Very Interested,Urban,54,5920000,69.3,84.33,FALSE,TRUE
student407,Vocational,B,Female,Less Interested,Urban,53,6110000,75.6,85.84,TRUE,TRUE
student408,Academic,B,Male,Uncertain,Rural,51,5770000,78,94.06,TRUE,TRUE
student409,Academic,A,Female,Very Interested,Urban,55,4650000,74.9,83.64,FALSE,FALSE
student410,Academic,B,Male,Interested,Urban,49,5040000,35.7,83.21,FALSE,FALSE
student411,Academic,B,Male,Very Interested,Rural,52,4160000,58.6,81.94,TRUE,FALSE
student412,Vocational,B,Male,Very Interested,Urban,56,6040000,75.6,87.46,TRUE,TRUE
student413,Academic,A,Female,Less Interested,Urban,52,3920000,91.1,91.63,FALSE,TRUE
student414,Academic,B,Female,Less Interested,Urban,58,3020000,81.2,78.92,TRUE,FALSE
student415,Vocational,A,Male,Very Interested,Urban,50,5810000,59.1,82.48,FALSE,FALSE
student416,Vocational,A,Female,Not Interested,Rural,55,4330000,68.5,84.91,FALSE,FALSE
student417,Vocational,B,Male,Not Interested,Rural,53,3680000,85.9,85.63,TRUE,FALSE
student418,Vocational,B,Female,Very Interested,Rural,51,6440000,114.8,86.6,TRUE,TRUE
student419,Vocational,B,Female,Not Interested,Rural,53,6040000,74.9,86.66,TRUE,FALSE
student420,Academic,A,Male,Less Interested,Urban,53,3110000,73.1,84.01,FALSE,FALSE
student421,Vocational,A,Male,Interested,Urban,50,6610000,62.4,87.01,TRUE,TRUE
student422,Vocational,A,Female,Uncertain,Rural,48,6190000,68,84.57,TRUE,FALSE
student423,Academic,B,Male,Very Interested,Urban,56,3260000,62.1,84.42,FALSE,FALSE
student424,Vocational,B,Male,Uncertain,Rural,55,4660000,82.4,84.77,TRUE,FALSE
student425,Vocational,A,Female,Less Interested,Urban,58,5570000,51.1,85.81,FALSE,TRUE
student426,Academic,A,Female,Less Interested,Urban,57,4420000,60.6,85.23,FALSE,FALSE
student427,Vocational,B,Female,Uncertain,Rural,48,6180000,76,86.11,TRUE,FALSE
student428,Academic,A,Male,Less Interested,Urban,56,5360000,86.3,84.78,FALSE,FALSE
student429,Academic,A,Male,Uncertain,Rural,55,3830000,77.5,86.68,TRUE,FALSE
student430,Academic,A,Male,Interested,Urban,54,6860000,74.9,84,FALSE,FALSE
student431,Academic,B,Female,Uncertain,Rural,48,4260000,75.9,90.31,TRUE,TRUE
student432,Academic,A,Male,Less Interested,Urban,51,9410000,76.2,83.7,FALSE,TRUE
student433,Academic,B,Female,Less Interested,Rural,44,3280000,62.8,82.58,TRUE,FALSE
student434,Academic,B,Male,Interested,Urban,57,3740000,63,85.23,FALSE,FALSE
student435,Academic,B,Male,Interested,Urban,55,4060000,62.2,85.61,TRUE,FALSE
student436,Academic,A,Female,Very Interested,Urban,47,3940000,52.2,83.41,FALSE,FALSE
student437,Academic,A,Female,Less Interested,Urban,53,6690000,91.3,85.33,FALSE,TRUE
student438,Vocational,B,Female,Uncertain,Rural,47,5910000,99.7,86.18,TRUE,FALSE
student439,Academic,A,Male,Less Interested,Urban,54,4180000,64.4,84.04,FALSE,FALSE
student440,Academic,A,Male,Very Interested,Rural,52,5720000,40.6,80.73,TRUE,FALSE
student441,Vocational,A,Male,Uncertain,Rural,53,5540000,96,85.39,TRUE,TRUE
student442,Academic,B,Male,Uncertain,Rural,49,6290000,84.9,91.82,TRUE,TRUE
student443,Academic,A,Male,Very Interested,Urban,59,1790000,90.5,81.65,FALSE,FALSE
student444,Academic,A,Female,Very Interested,Urban,57,2740000,89.8,83.56,FALSE,FALSE
student445,Academic,B,Male,Less Interested,Rural,54,5290000,89.3,84.72,TRUE,FALSE
student446,Academic,B,Female,Uncertain,Rural,47,6650000,94.4,85.79,TRUE,TRUE
student447,Academic,B,Male,Not Interested,Rural,50,4910000,76.2,93.01,TRUE,TRUE
student448,Vocational,B,Female,Uncertain,Rural,47,6610000,87.9,89.52,TRUE,FALSE
student449,Academic,B,Female,Less Interested,Urban,52,4090000,63.1,85.45,TRUE,FALSE
student450,Academic,B,Male,Very Interested,Rural,53,7300000,95.9,89.42,FALSE,TRUE
student451,Vocational,B,Male,Interested,Rural,51,7220000,82.3,88.19,TRUE,TRUE
student452,Vocational,A,Male,Very Interested,Rural,51,6480000,96.7,88.35,TRUE,TRUE
student453,Academic,B,Female,Uncertain,Rural,51,5040000,91,96.72,TRUE,TRUE
student454,Vocational,A,Male,Very Interested,Urban,53,4530000,67,82.13,FALSE,FALSE
student455,Vocational,A,Male,Very Interested,Urban,49,5530000,57.1,80.05,FALSE,FALSE
student456,Academic,A,Female,Very Interested,Urban,53,8430000,81,84.3,FALSE,TRUE
student457,Academic,B,Male,Very Interested,Rural,52,5810000,87.8,86.72,TRUE,FALSE
student458,Academic,A,Male,Interested,Urban,51,5340000,46.9,86.66,FALSE,FALSE
student459,Vocational,A,Male,Very Interested,Urban,54,5780000,69.3,85.34,FALSE,TRUE
student460,Academic,A,Female,Less Interested,Urban,52,10000000,87.6,83.67,FALSE,TRUE
student461,Academic,B,Male,Uncertain,Rural,51,6120000,79,89.63,TRUE,TRUE
student462,Academic,A,Female,Interested,Urban,58,4640000,57,86.6,FALSE,FALSE
student463,Vocational,A,Female,Less Interested,Urban,59,4700000,101.1,84.08,FALSE,TRUE
student464,Vocational,A,Male,Very Interested,Rural,49,6580000,76.7,86.71,TRUE,FALSE
student465,Academic,A,Female,Very Interested,Urban,51,7320000,82.5,86.47,FALSE,TRUE
student466,Vocational,A,Male,Uncertain,Rural,50,6670000,52.8,86.59,TRUE,TRUE
student467,Vocational,A,Male,Very Interested,Rural,50,6020000,94.4,87.2,TRUE,TRUE
student468,Academic,A,Male,Very Interested,Urban,52,1770000,78.1,83.79,FALSE,FALSE
student469,Academic,A,Male,Very Interested,Urban,53,7160000,83.3,87.5,FALSE,TRUE
student470,Academic,A,Female,Less Interested,Urban,51,2820000,64.6,83.18,FALSE,FALSE
student471,Academic,A,Female,Very Interested,Urban,53,6680000,64.6,85.23,FALSE,TRUE
student472,Vocational,A,Female,Less Interested,Rural,46,7790000,67.7,87.27,TRUE,TRUE
student473,Academic,A,Male,Less Interested,Urban,54,8280000,77.7,81.12,FALSE,TRUE
student474,Vocational,B,Male,Interested,Urban,54,5480000,22.9,80.73,TRUE,FALSE
student475,Vocational,A,Female,Not Interested,Rural,52,4970000,76.4,87.5,TRUE,FALSE
student476,Academic,B,Female,Interested,Urban,52,4680000,40.8,82.88,FALSE,FALSE
student477,Academic,B,Female,Uncertain,Urban,52,5730000,77,89.97,TRUE,TRUE
student478,Vocational,B,Female,Uncertain,Rural,45,7400000,70.7,84.56,TRUE,FALSE
student479,Academic,B,Female,Less Interested,Urban,52,2940000,80.4,85.5,TRUE,FALSE
student480,Academic,A,Male,Uncertain,Rural,48,4070000,59.4,80.69,FALSE,FALSE
student481,Vocational,B,Female,Uncertain,Rural,55,4850000,73.5,84.12,TRUE,FALSE
student482,Academic,B,Male,Uncertain,Rural,47,7130000,79.3,88.35,TRUE,TRUE
student483,Academic,B,Female,Very Interested,Urban,48,3180000,59.5,81.86,TRUE,FALSE
student484,Academic,A,Female,Uncertain,Rural,49,6200000,74.8,89.14,TRUE,TRUE
student485,Academic,B,Male,Less Interested,Urban,58,4290000,67.3,85.2,TRUE,FALSE
student486,Academic,B,Male,Interested,Urban,52,3450000,63.7,84.51,FALSE,FALSE
student487,Academic,A,Male,Interested,Urban,53,4110000,60.2,84.3,FALSE,FALSE
student488,Vocational,B,Male,Interested,Urban,56,4540000,49.8,84.56,FALSE,FALSE
student489,Vocational,B,Male,Very Interested,Rural,52,6210000,77.2,85.91,TRUE,FALSE
student490,Academic,B,Male,Not Interested,Rural,51,5350000,85.1,83.3,TRUE,TRUE
student491,Academic,B,Female,Not Interested,Rural,48,6090000,74.4,95.81,TRUE,TRUE
student492,Academic,B,Male,Uncertain,Rural,52,5940000,91.7,84.85,TRUE,TRUE
student493,Academic,B,Female,Very Interested,Rural,50,7540000,96.5,91.84,TRUE,TRUE
student494,Academic,A,Male,Very Interested,Urban,54,6310000,60.3,85.89,FALSE,FALSE
student495,Academic,B,Male,Very Interested,Urban,50,7000000,93.1,86.93,FALSE,TRUE
student496,Academic,B,Female,Very Interested,Rural,53,6670000,116.3,90.92,TRUE,TRUE
student497,Academic,B,Male,Not Interested,Rural,46,4810000,76.5,94.28,TRUE,TRUE
student498,Academic,A,Female,Less Interested,Urban,58,4000000,63.3,83.87,FALSE,FALSE
student499,Vocational,B,Female,Uncertain,Rural,46,7460000,62.5,86.86,TRUE,FALSE
student500,Vocational,B,Female,Less Interested,Rural,53,6720000,84.6,89.39,TRUE,TRUE
student501,Vocational,A,Female,Very Interested,Urban,54,6460000,59.8,88.59,FALSE,TRUE
student502,Academic,A,Male,Very Interested,Urban,54,5140000,85.4,86.31,FALSE,FALSE
student503,Vocational,B,Female,Less Interested,Urban,54,4740000,40.9,83.55,TRUE,FALSE
student504,Academic,B,Male,Uncertain,Rural,51,5130000,75.3,94.24,TRUE,TRUE
student505,Academic,B,Male,Uncertain,Urban,54,6210000,80.5,83.99,TRUE,TRUE
student506,Vocational,B,Male,Interested,Urban,56,4160000,59.6,85.83,FALSE,FALSE
student507,Academic,A,Male,Interested,Urban,55,4440000,58,86.09,FALSE,FALSE
student508,Academic,A,Male,Uncertain,Rural,48,7160000,71,88.46,TRUE,TRUE
student509,Academic,B,Female,Less Interested,Urban,57,3750000,82.4,90.33,FALSE,FALSE
student510,Academic,B,Male,Very Interested,Rural,53,7390000,94.3,92.39,FALSE,TRUE
student511,Vocational,B,Male,Very Interested,Rural,47,5440000,67,81.16,TRUE,FALSE
student512,Academic,A,Male,Very Interested,Rural,48,3770000,65.7,83.79,TRUE,FALSE
student513,Vocational,A,Female,Uncertain,Urban,51,5850000,68.3,84.85,TRUE,TRUE
student514,Vocational,A,Female,Uncertain,Urban,58,5680000,75.5,87.97,FALSE,FALSE
student515,Vocational,B,Male,Uncertain,Rural,55,3550000,79.3,93.7,TRUE,TRUE
student516,Academic,B,Female,Less Interested,Urban,54,4230000,57.7,84.89,TRUE,FALSE
student517,Academic,B,Female,Less Interested,Urban,56,4490000,60.4,84.63,TRUE,FALSE
student518,Academic,A,Female,Very Interested,Rural,48,6420000,69.3,84.15,FALSE,FALSE
student519,Academic,B,Male,Very Interested,Rural,45,5340000,40.5,83.78,TRUE,FALSE
student520,Vocational,A,Male,Uncertain,Urban,55,5220000,63.5,83.22,FALSE,TRUE
student521,Vocational,B,Male,Not Interested,Rural,52,4170000,90.4,84.21,TRUE,FALSE
student522,Vocational,A,Male,Less Interested,Urban,59,5390000,63.3,86.49,FALSE,TRUE
student523,Academic,B,Female,Less Interested,Urban,56,5990000,70.6,83.1,FALSE,FALSE
student524,Academic,A,Female,Very Interested,Urban,52,6910000,81.5,86.83,FALSE,TRUE
student525,Academic,B,Female,Uncertain,Rural,50,6590000,76,91.77,TRUE,TRUE
student526,Academic,B,Female,Less Interested,Urban,52,2790000,72.5,85.3,TRUE,FALSE
student527,Vocational,A,Female,Less Interested,Urban,54,6520000,84.8,87.5,TRUE,TRUE
student528,Vocational,A,Male,Uncertain,Rural,50,4710000,63,84.99,FALSE,FALSE
student529,Vocational,B,Female,Uncertain,Rural,47,6520000,84.3,83.43,TRUE,TRUE
student530,Academic,B,Female,Very Interested,Rural,40,3910000,48.7,80.8,TRUE,FALSE
student531,Vocational,A,Male,Very Interested,Rural,47,6220000,74.4,84.61,TRUE,FALSE
student532,Academic,B,Male,Interested,Urban,55,3460000,64.6,85.1,FALSE,FALSE
student533,Academic,B,Male,Very Interested,Urban,52,6730000,85.1,90.49,FALSE,TRUE
student534,Academic,B,Female,Less Interested,Rural,50,8120000,71.6,90.32,TRUE,TRUE
student535,Academic,B,Male,Less Interested,Urban,58,2140000,82.9,83.53,TRUE,FALSE
student536,Vocational,A,Male,Very Interested,Urban,54,5450000,70.3,85.41,FALSE,TRUE
student537,Vocational,B,Female,Very Interested,Rural,50,5970000,71.9,82.98,TRUE,FALSE
student538,Academic,B,Female,Less Interested,Rural,50,7650000,97.3,86.88,TRUE,TRUE
student539,Academic,A,Male,Very Interested,Rural,46,4150000,52.4,81.06,TRUE,FALSE
student540,Academic,B,Female,Very Interested,Rural,51,5850000,95.9,92.43,TRUE,TRUE
student541,Academic,B,Female,Very Interested,Rural,48,4240000,68.4,86.52,TRUE,FALSE
student542,Academic,A,Female,Uncertain,Rural,51,5840000,83.4,93.04,TRUE,TRUE
student543,Academic,A,Male,Very Interested,Urban,51,5720000,75.3,86.35,FALSE,TRUE
student544,Vocational,B,Male,Very Interested,Urban,54,4480000,97,82.46,FALSE,TRUE
student545,Academic,B,Female,Less Interested,Rural,49,7100000,81.5,84.05,TRUE,FALSE
student546,Academic,B,Female,Very Interested,Urban,52,3500000,66.9,85.11,TRUE,FALSE
student547,Vocational,B,Female,Uncertain,Rural,49,4750000,87,83.45,TRUE,FALSE
student548,Vocational,B,Female,Not Interested,Rural,52,5810000,81.3,88.73,TRUE,FALSE
student549,Academic,A,Male,Less Interested,Urban,55,3070000,68.7,83.3,FALSE,FALSE
student550,Vocational,B,Male,Uncertain,Urban,57,4030000,77.8,83.34,TRUE,FALSE
student551,Vocational,A,Male,Not Interested,Urban,51,5000000,63.8,81.24,FALSE,TRUE
student552,Vocational,A,Male,Less Interested,Urban,58,4560000,77.7,83.87,FALSE,TRUE
student553,Academic,A,Female,Less Interested,Urban,53,6360000,85.3,88.35,FALSE,TRUE
student554,Academic,B,Male,Very Interested,Urban,56,5910000,91.3,85.29,FALSE,TRUE
student555,Vocational,B,Female,Uncertain,Rural,53,3950000,75.9,84.31,TRUE,FALSE
student556,Vocational,B,Male,Uncertain,Rural,48,7250000,77.5,89.25,TRUE,TRUE
student557,Academic,A,Female,Very Interested,Urban,52,7540000,69.4,86.98,FALSE,TRUE
student558,Academic,A,Male,Not Interested,Rural,41,3020000,50.6,77.18,TRUE,FALSE
student559,Vocational,B,Female,Not Interested,Rural,52,4450000,71,84.79,TRUE,FALSE
student560,Academic,B,Male,Very Interested,Rural,50,3180000,72.4,85.01,TRUE,FALSE
student561,Vocational,B,Female,Not Interested,Rural,45,7490000,60,87.25,TRUE,TRUE
student562,Vocational,A,Male,Very Interested,Urban,53,5540000,63.6,84.53,FALSE,FALSE
student563,Academic,A,Female,Interested,Urban,54,4930000,96.9,86.97,FALSE,TRUE
student564,Vocational,A,Male,Interested,Rural,46,7780000,114.8,91.5,TRUE,TRUE
student565,Vocational,B,Male,Uncertain,Urban,53,3790000,80,90.82,TRUE,TRUE
student566,Academic,B,Female,Very Interested,Rural,52,7420000,82.6,86.82,TRUE,TRUE
student567,Academic,A,Female,Very Interested,Urban,54,5970000,74.3,85.68,FALSE,TRUE
student568,Academic,B,Male,Uncertain,Urban,59,3610000,85.2,78.67,FALSE,TRUE
student569,Academic,A,Female,Very Interested,Urban,52,4930000,66.4,90.18,FALSE,TRUE
student570,Academic,B,Male,Very Interested,Urban,53,6640000,81,89.22,FALSE,TRUE
student571,Academic,A,Male,Very Interested,Urban,57,6310000,92.8,88.96,FALSE,TRUE
student572,Vocational,A,Male,Very Interested,Rural,55,6080000,94.9,89.96,TRUE,TRUE
student573,Academic,A,Male,Very Interested,Urban,56,3860000,68.6,82.24,FALSE,FALSE
student574,Academic,B,Female,Not Interested,Rural,50,6050000,106.1,84.28,TRUE,TRUE
student575,Academic,B,Female,Interested,Urban,51,3180000,63,83.62,TRUE,FALSE
student576,Academic,A,Female,Interested,Urban,56,6700000,98.2,86.6,FALSE,TRUE
student577,Vocational,B,Male,Interested,Urban,54,5040000,43.5,84.87,FALSE,FALSE
student578,Academic,B,Male,Uncertain,Rural,50,8140000,78.3,89.24,TRUE,TRUE
student579,Academic,B,Male,Uncertain,Rural,50,3300000,101.9,96.23,TRUE,TRUE
student580,Academic,A,Male,Less Interested,Urban,53,2570000,100,91.43,FALSE,TRUE
student581,Vocational,B,Male,Uncertain,Rural,52,3690000,84.7,82.67,TRUE,FALSE
student582,Academic,B,Male,Uncertain,Rural,52,5920000,99.4,86,TRUE,TRUE
student583,Academic,B,Female,Less Interested,Rural,54,7050000,69.6,84.15,FALSE,FALSE
student584,Academic,B,Female,Very Interested,Rural,45,7580000,110.3,88.4,TRUE,TRUE
student585,Academic,B,Female,Uncertain,Rural,53,6520000,95.4,94.34,TRUE,TRUE
student586,Academic,B,Male,Very Interested,Urban,56,2900000,79.7,86.94,FALSE,FALSE
student587,Academic,B,Female,Very Interested,Rural,52,8470000,83.7,88.09,FALSE,TRUE
student588,Vocational,B,Female,Less Interested,Rural,52,6560000,89.9,88.76,TRUE,TRUE
student589,Academic,B,Female,Uncertain,Rural,52,6610000,93.2,92,TRUE,TRUE
student590,Academic,B,Male,Less Interested,Urban,54,5730000,70.4,84.12,TRUE,TRUE
student591,Vocational,B,Female,Uncertain,Rural,46,5410000,89.9,84.05,TRUE,FALSE
student592,Academic,A,Female,Less Interested,Urban,55,5210000,61.1,81.19,FALSE,FALSE
student593,Academic,A,Female,Uncertain,Urban,54,5580000,80.7,90.49,FALSE,TRUE
student594,Academic,B,Male,Very Interested,Rural,54,3700000,66.9,82.45,TRUE,FALSE
student595,Vocational,A,Male,Uncertain,Urban,52,5280000,81.3,91.6,FALSE,TRUE
student596,Vocational,B,Female,Not Interested,Rural,48,5830000,68.8,98,TRUE,TRUE
student597,Academic,A,Female,Less Interested,Urban,55,5560000,90.5,89.42,FALSE,TRUE
student598,Academic,A,Male,Very Interested,Urban,53,5470000,92.8,91.9,FALSE,TRUE
student599,Vocational,A,Female,Very Interested,Rural,51,6660000,71.4,87.36,FALSE,TRUE
student600,Academic,A,Male,Very Interested,Urban,55,6240000,71.9,87.55,FALSE,TRUE
student601,Vocational,A,Male,Interested,Urban,55,5020000,45,87.09,FALSE,FALSE
student602,Academic,A,Female,Less Interested,Urban,55,8160000,84.7,83.15,FALSE,TRUE
student603,Academic,B,Male,Very Interested,Urban,52,4520000,79.2,89.44,FALSE,TRUE
student604,Vocational,A,Female,Very Interested,Urban,53,5420000,79,87.37,FALSE,TRUE
student605,Vocational,B,Female,Not Interested,Rural,54,3650000,71.6,85.13,TRUE,FALSE
student606,Academic,A,Female,Very Interested,Urban,50,4340000,51.9,81.74,FALSE,FALSE
student607,Academic,B,Female,Very Interested,Urban,55,6690000,99.3,91.51,FALSE,TRUE
student608,Academic,B,Male,Uncertain,Rural,52,7120000,77.8,92.68,TRUE,TRUE
student609,Academic,A,Male,Very Interested,Urban,53,5010000,49.8,85.81,FALSE,FALSE
student610,Academic,A,Male,Less Interested,Urban,50,3410000,57.7,80.4,FALSE,FALSE
student611,Academic,B,Male,Interested,Urban,52,3110000,67,83.69,FALSE,FALSE
student612,Vocational,B,Male,Uncertain,Rural,49,5640000,92.5,85.66,TRUE,FALSE
student613,Academic,B,Male,Uncertain,Rural,52,7350000,72.1,90.79,TRUE,TRUE
student614,Vocational,A,Female,Very Interested,Rural,47,6700000,66.9,85.36,FALSE,FALSE
student615,Academic,A,Male,Interested,Urban,59,4700000,95.6,87.63,FALSE,TRUE
student616,Academic,A,Male,Uncertain,Urban,57,4460000,81.7,83.06,FALSE,TRUE
student617,Academic,B,Male,Very Interested,Rural,50,5710000,73.4,84.68,TRUE,FALSE
student618,Vocational,B,Female,Not Interested,Rural,52,5330000,76.5,94.93,TRUE,TRUE
student619,Academic,B,Female,Interested,Urban,62,6110000,87.2,88.74,TRUE,TRUE
student620,Vocational,A,Male,Uncertain,Urban,53,6180000,68.5,83.82,FALSE,FALSE
student621,Vocational,B,Male,Interested,Rural,52,7580000,81.4,89.9,TRUE,TRUE
student622,Academic,A,Female,Less Interested,Urban,52,4820000,71.2,83.54,FALSE,TRUE
student623,Academic,A,Female,Less Interested,Urban,55,4450000,78.7,84.99,FALSE,TRUE
student624,Vocational,B,Female,Uncertain,Rural,45,4950000,87,82.35,TRUE,FALSE
student625,Academic,A,Male,Not Interested,Urban,56,4940000,68.5,82.96,FALSE,TRUE
student626,Academic,B,Male,Interested,Urban,58,1880000,79,83.47,FALSE,FALSE
student627,Academic,B,Female,Very Interested,Urban,50,1940000,70.9,81.33,TRUE,FALSE
student628,Academic,A,Female,Very Interested,Rural,49,3540000,53.9,79.83,TRUE,FALSE
student629,Academic,B,Female,Less Interested,Urban,58,3160000,88,89.06,TRUE,FALSE
student630,Vocational,A,Female,Very Interested,Urban,53,5700000,75.5,83.64,FALSE,TRUE
student631,Academic,B,Male,Uncertain,Rural,52,6660000,77.6,90.29,TRUE,TRUE
student632,Vocational,A,Male,Uncertain,Rural,50,5040000,60.6,84.67,FALSE,FALSE
student633,Academic,A,Female,Uncertain,Urban,58,3180000,65.7,85.22,FALSE,FALSE
student634,Academic,B,Female,Uncertain,Rural,51,5540000,105.9,94.04,TRUE,TRUE
student635,Academic,B,Female,Less Interested,Urban,54,5460000,76.2,80.79,FALSE,FALSE
student636,Vocational,A,Female,Very Interested,Urban,56,5400000,91.9,88.39,FALSE,TRUE
student637,Vocational,B,Female,Less Interested,Rural,52,7530000,69.6,91.3,TRUE,TRUE
student638,Vocational,A,Male,Very Interested,Urban,50,6840000,58.6,83.59,FALSE,FALSE
student639,Academic,A,Female,Less Interested,Urban,52,4830000,85.7,86.99,FALSE,TRUE
student640,Academic,A,Female,Less Interested,Urban,60,3460000,63,81.33,FALSE,FALSE
student641,Vocational,B,Male,Very Interested,Rural,48,7120000,76,83.35,TRUE,FALSE
student642,Academic,A,Female,Very Interested,Urban,59,3680000,74.7,84.04,FALSE,FALSE
student643,Vocational,B,Male,Uncertain,Rural,52,6750000,71,87.78,TRUE,FALSE
student644,Academic,B,Female,Less Interested,Urban,54,4060000,61.6,85.54,FALSE,FALSE
student645,Academic,A,Male,Not Interested,Rural,53,2740000,85.1,84.9,TRUE,FALSE
student646,Academic,A,Male,Not Interested,Urban,56,4670000,70.4,82.75,FALSE,TRUE
student647,Academic,A,Male,Very Interested,Urban,54,6670000,78.7,88.52,FALSE,TRUE
student648,Academic,A,Male,Not Interested,Rural,51,3800000,68.8,85.12,TRUE,FALSE
student649,Academic,A,Female,Very Interested,Urban,52,7260000,74.2,89.05,FALSE,TRUE
student650,Academic,A,Male,Uncertain,Urban,54,4910000,71.3,82.12,FALSE,TRUE
student651,Vocational,B,Male,Not Interested,Rural,55,3360000,83.9,85.62,TRUE,FALSE
student652,Academic,B,Female,Less Interested,Urban,53,5890000,72.5,83.86,FALSE,FALSE
student653,Academic,B,Male,Interested,Urban,60,4320000,58.8,87.15,FALSE,FALSE
student654,Academic,A,Female,Less Interested,Urban,51,5720000,86.3,84.66,FALSE,TRUE
student655,Academic,A,Male,Very Interested,Urban,51,6020000,67.7,84.94,FALSE,FALSE
student656,Vocational,A,Male,Very Interested,Rural,47,7430000,54.5,85.62,FALSE,FALSE
student657,Academic,A,Female,Very Interested,Urban,54,6900000,90.4,91.29,FALSE,TRUE
student658,Vocational,A,Female,Uncertain,Rural,53,5260000,71.7,86.05,FALSE,FALSE
student659,Academic,B,Female,Less Interested,Urban,54,7750000,90.6,89.02,FALSE,TRUE
student660,Vocational,B,Male,Not Interested,Rural,50,6540000,74.6,87.62,TRUE,FALSE
student661,Academic,A,Female,Less Interested,Urban,60,3670000,83.5,88.3,FALSE,FALSE
student662,Academic,A,Female,Very Interested,Urban,54,4590000,55.8,81.34,FALSE,FALSE
student663,Academic,A,Male,Very Interested,Rural,48,5210000,37.9,81.35,TRUE,FALSE
student664,Vocational,A,Male,Interested,Urban,61,5400000,56.2,88.43,FALSE,FALSE
student665,Vocational,B,Female,Very Interested,Rural,51,6180000,74,83.96,TRUE,FALSE
student666,Academic,A,Male,Very Interested,Urban,51,5440000,85,88.79,FALSE,TRUE
student667,Academic,A,Female,Interested,Urban,44,5420000,24.7,81.71,FALSE,FALSE
student668,Academic,A,Female,Interested,Urban,49,7450000,92.6,83.55,FALSE,TRUE
student669,Academic,B,Male,Interested,Urban,56,4030000,64.5,83.68,FALSE,FALSE
student670,Academic,B,Male,Uncertain,Rural,52,5900000,102.9,87.68,TRUE,TRUE
student671,Academic,A,Female,Very Interested,Urban,52,7950000,74.7,86.17,FALSE,TRUE
student672,Vocational,A,Male,Uncertain,Rural,49,5930000,74.6,84.87,TRUE,FALSE
student673,Academic,B,Male,Not Interested,Rural,50,6050000,107.5,85.46,TRUE,TRUE
student674,Academic,A,Male,Very Interested,Rural,55,7780000,86.3,89.5,FALSE,TRUE
student675,Vocational,B,Male,Very Interested,Urban,57,4330000,81.2,82.95,TRUE,FALSE
student676,Academic,B,Female,Less Interested,Urban,49,3860000,60.3,85.07,TRUE,FALSE
student677,Vocational,B,Female,Uncertain,Rural,56,4750000,86.6,84.93,TRUE,FALSE
student678,Academic,A,Male,Uncertain,Urban,59,5300000,94.2,86.85,FALSE,TRUE
student679,Academic,B,Female,Uncertain,Rural,55,7450000,86.3,93.78,TRUE,TRUE
student680,Academic,B,Male,Less Interested,Urban,54,7130000,60.6,86.85,TRUE,TRUE
student681,Vocational,B,Female,Not Interested,Urban,52,5080000,61.8,80.34,FALSE,TRUE
student682,Vocational,B,Male,Very Interested,Urban,55,5050000,74.3,84.06,FALSE,TRUE
student683,Vocational,B,Male,Not Interested,Rural,45,6580000,67,83.02,TRUE,FALSE
student684,Vocational,A,Female,Less Interested,Urban,53,5950000,90.8,85.41,TRUE,TRUE
student685,Academic,B,Male,Uncertain,Urban,57,5360000,92.3,86.79,TRUE,TRUE
student686,Vocational,B,Female,Interested,Urban,59,5360000,71.8,87.23,FALSE,TRUE
student687,Academic,B,Male,Very Interested,Rural,52,5670000,82.6,85.57,FALSE,FALSE
student688,Academic,B,Male,Very Interested,Rural,52,7410000,74.9,89.39,TRUE,TRUE
student689,Academic,B,Female,Very Interested,Rural,52,5240000,100,91.65,TRUE,TRUE
student690,Academic,A,Male,Interested,Urban,54,3940000,101.1,88.07,FALSE,TRUE
student691,Academic,A,Male,Uncertain,Rural,51,8100000,74.6,86.33,FALSE,TRUE
student692,Academic,B,Female,Very Interested,Rural,49,7670000,97.1,90.52,TRUE,TRUE
student693,Vocational,B,Female,Uncertain,Rural,43,6820000,81.1,86.44,TRUE,FALSE
student694,Vocational,A,Female,Very Interested,Urban,50,5310000,67.3,84.31,FALSE,FALSE
student695,Vocational,B,Female,Uncertain,Rural,53,3540000,113.2,86,TRUE,FALSE
student696,Vocational,A,Female,Very Interested,Urban,52,5520000,82.5,84.59,FALSE,TRUE
student697,Academic,A,Male,Uncertain,Rural,52,7510000,64.9,87.24,FALSE,TRUE
student698,Academic,B,Female,Uncertain,Rural,53,6410000,93.8,92.66,TRUE,TRUE
student699,Academic,B,Female,Uncertain,Rural,50,7620000,80.1,90.52,TRUE,TRUE
student700,Academic,A,Male,Very Interested,Urban,49,4210000,52.4,81.59,TRUE,FALSE
student701,Academic,A,Female,Very Interested,Urban,54,7790000,70,84.72,FALSE,TRUE
student702,Vocational,A,Male,Very Interested,Urban,52,5330000,96.2,83.34,FALSE,TRUE
student703,Vocational,A,Male,Uncertain,Urban,53,6210000,54.8,86.59,FALSE,FALSE
student704,Academic,A,Male,Very Interested,Rural,46,4900000,51.6,82.62,TRUE,FALSE
student705,Academic,A,Male,Less Interested,Rural,51,4650000,53.9,84.06,TRUE,FALSE
student706,Academic,A,Male,Less Interested,Rural,52,6630000,66.8,85.3,FALSE,FALSE
student707,Vocational,A,Male,Very Interested,Urban,52,6270000,60.8,84.34,FALSE,FALSE
student708,Academic,A,Male,Interested,Urban,56,5400000,97.7,83.17,FALSE,TRUE
student709,Vocational,B,Female,Not Interested,Rural,49,6700000,89.3,88.44,TRUE,TRUE
student710,Academic,A,Female,Very Interested,Urban,53,4470000,85.2,86.66,FALSE,TRUE
student711,Vocational,B,Male,Very Interested,Rural,48,6440000,71.1,83.05,TRUE,FALSE
student712,Academic,B,Male,Interested,Urban,52,4310000,53.7,87.21,FALSE,FALSE
student713,Academic,B,Male,Less Interested,Urban,57,5080000,88.1,83.57,FALSE,FALSE
student714,Vocational,A,Female,Not Interested,Rural,48,5840000,63.8,85.97,TRUE,FALSE
student715,Academic,B,Male,Very Interested,Urban,50,4780000,105.7,92.31,FALSE,TRUE
student716,Academic,B,Male,Less Interested,Urban,53,3520000,105.1,93.72,TRUE,TRUE
student717,Academic,B,Female,Less Interested,Urban,56,3540000,73.1,86.28,FALSE,FALSE
student718,Academic,A,Female,Less Interested,Urban,58,4480000,69.5,86.43,FALSE,FALSE
student719,Vocational,B,Female,Not Interested,Rural,50,5520000,74.2,86.74,TRUE,FALSE
student720,Academic,A,Male,Interested,Urban,52,3340000,56.3,81.99,FALSE,FALSE
student721,Academic,A,Male,Very Interested,Rural,50,4740000,56.7,84.02,TRUE,FALSE
student722,Vocational,A,Female,Uncertain,Urban,59,3340000,53.4,83.04,FALSE,FALSE
student723,Academic,A,Male,Very Interested,Urban,54,5270000,72.7,85.47,FALSE,FALSE
student724,Academic,B,Male,Very Interested,Urban,50,6710000,71.2,89.82,TRUE,TRUE
student725,Academic,B,Female,Less Interested,Urban,56,3780000,74.5,78.94,FALSE,FALSE
student726,Vocational,A,Male,Interested,Urban,57,6170000,67,92.25,FALSE,TRUE
student727,Academic,B,Female,Interested,Rural,44,5180000,41.1,83.52,TRUE,FALSE
student728,Academic,B,Female,Less Interested,Urban,47,3950000,50.8,82.67,TRUE,FALSE
student729,Academic,A,Female,Less Interested,Urban,53,4900000,100.5,90.21,FALSE,TRUE
student730,Academic,A,Male,Less Interested,Rural,49,5420000,38,83.59,TRUE,FALSE
student731,Academic,B,Male,Uncertain,Rural,54,2590000,84.5,95.94,TRUE,TRUE
student732,Academic,A,Male,Very Interested,Urban,52,4160000,69.1,86.14,FALSE,TRUE
student733,Academic,A,Male,Very Interested,Rural,54,5900000,77.2,86.64,FALSE,FALSE
student734,Vocational,A,Female,Very Interested,Rural,49,6710000,63.8,86.82,TRUE,TRUE
student735,Vocational,B,Male,Uncertain,Rural,46,5240000,87.2,84.53,TRUE,FALSE
student736,Academic,B,Male,Less Interested,Rural,47,6690000,80.4,84.3,TRUE,FALSE
student737,Academic,A,Female,Very Interested,Rural,52,3490000,88.3,92.8,TRUE,TRUE
student738,Vocational,A,Female,Very Interested,Urban,53,6150000,54.4,85.46,FALSE,TRUE
student739,Academic,B,Female,Very Interested,Urban,52,7330000,77.9,87.5,FALSE,TRUE
student740,Academic,B,Male,Uncertain,Urban,53,6700000,64.9,89.67,TRUE,TRUE
student741,Academic,B,Male,Not Interested,Rural,48,3320000,72.8,83.63,TRUE,FALSE
student742,Academic,B,Female,Uncertain,Rural,49,6740000,77.2,87,TRUE,TRUE
student743,Vocational,B,Male,Uncertain,Rural,45,7390000,103.7,85.24,TRUE,TRUE
student744,Academic,B,Male,Uncertain,Rural,49,6460000,83.8,92.05,TRUE,TRUE
student745,Vocational,B,Female,Very Interested,Urban,56,4490000,69.7,81.34,FALSE,FALSE
student746,Academic,A,Male,Less Interested,Rural,51,6340000,74.3,83.96,FALSE,FALSE
student747,Academic,A,Male,Less Interested,Urban,55,3390000,101.7,90.28,FALSE,TRUE
student748,Academic,B,Female,Less Interested,Urban,53,2940000,73.3,85.82,FALSE,FALSE
student749,Academic,A,Female,Very Interested,Rural,47,2990000,73.8,82.29,FALSE,FALSE
student750,Vocational,B,Male,Not Interested,Rural,53,4060000,84.7,84,TRUE,FALSE
student751,Academic,B,Female,Uncertain,Rural,50,7000000,82.7,89.66,TRUE,TRUE
student752,Academic,A,Male,Uncertain,Rural,52,5940000,83.8,85.34,TRUE,TRUE
student753,Vocational,A,Male,Not Interested,Rural,53,7460000,58.2,90.95,TRUE,TRUE
student754,Vocational,B,Male,Uncertain,Rural,55,4280000,85.5,85.42,TRUE,FALSE
student755,Academic,B,Male,Very Interested,Urban,52,4390000,89,91.4,TRUE,TRUE
student756,Vocational,B,Female,Uncertain,Rural,50,4930000,86.1,91.88,TRUE,TRUE
student757,Academic,B,Male,Less Interested,Urban,49,4380000,49.8,82.47,TRUE,FALSE
student758,Academic,B,Female,Very Interested,Rural,49,7460000,78,87.39,FALSE,TRUE
student759,Academic,B,Male,Less Interested,Urban,54,4630000,53.9,84.99,TRUE,FALSE
student760,Academic,A,Female,Less Interested,Urban,52,4450000,42.2,81.83,FALSE,FALSE
student761,Academic,A,Male,Less Interested,Urban,55,5690000,82.7,85.89,FALSE,TRUE
student762,Academic,B,Female,Uncertain,Rural,54,8010000,74.4,90.43,TRUE,TRUE
student763,Vocational,B,Male,Very Interested,Rural,51,6370000,82.5,89.31,TRUE,TRUE
student764,Academic,A,Male,Less Interested,Urban,54,4920000,85.3,88.31,FALSE,TRUE
student765,Academic,A,Male,Very Interested,Urban,55,6140000,70.7,87.19,FALSE,TRUE
student766,Vocational,A,Female,Uncertain,Rural,53,6400000,90.4,88.57,TRUE,TRUE
student767,Academic,B,Female,Less Interested,Urban,59,5210000,86.7,87,TRUE,TRUE
student768,Vocational,A,Female,Uncertain,Urban,58,2830000,87.9,75,FALSE,TRUE
student769,Academic,B,Female,Uncertain,Urban,50,3570000,75,91.15,TRUE,TRUE
student770,Academic,A,Male,Less Interested,Urban,53,3130000,60.6,81.2,FALSE,FALSE
student771,Academic,A,Male,Very Interested,Urban,53,7590000,83.9,88.84,FALSE,TRUE
student772,Vocational,B,Female,Interested,Urban,54,3580000,58.7,85.99,FALSE,FALSE
student773,Vocational,B,Female,Not Interested,Rural,50,6140000,87.4,86.19,TRUE,FALSE
student774,Academic,B,Female,Less Interested,Rural,52,4720000,95.7,83.01,TRUE,FALSE
student775,Vocational,B,Female,Very Interested,Rural,49,7170000,74.8,87.19,TRUE,TRUE
student776,Academic,B,Female,Very Interested,Urban,49,6910000,71.6,87.47,FALSE,TRUE
student777,Vocational,A,Male,Uncertain,Urban,53,5650000,67.4,86.74,FALSE,FALSE
student778,Academic,B,Female,Not Interested,Rural,44,7790000,85.3,85.73,TRUE,TRUE
student779,Academic,A,Male,Less Interested,Urban,65,4360000,65.7,86.55,FALSE,FALSE
student780,Vocational,B,Male,Less Interested,Rural,51,6710000,75.3,84.86,TRUE,TRUE
student781,Vocational,B,Female,Uncertain,Rural,51,5770000,75.8,86.01,TRUE,FALSE
student782,Academic,B,Male,Very Interested,Rural,54,4170000,101.9,95.23,TRUE,TRUE
student783,Academic,A,Male,Uncertain,Rural,53,4840000,57.3,83.28,TRUE,FALSE
student784,Vocational,A,Male,Uncertain,Rural,53,5400000,67.2,86.03,FALSE,FALSE
student785,Academic,A,Male,Less Interested,Urban,54,6240000,71.8,82.63,FALSE,TRUE
student786,Vocational,A,Male,Not Interested,Rural,54,5760000,79.3,90.97,TRUE,FALSE
student787,Academic,A,Female,Less Interested,Urban,53,4630000,55.1,85.19,FALSE,FALSE
student788,Vocational,A,Male,Less Interested,Rural,51,7320000,68.3,87.02,FALSE,TRUE
student789,Academic,B,Male,Very Interested,Urban,52,6160000,85.4,86.57,TRUE,TRUE
student790,Vocational,B,Female,Not Interested,Rural,53,4720000,66.6,84.71,TRUE,FALSE
student791,Academic,B,Female,Uncertain,Urban,52,6110000,59.2,84.44,TRUE,TRUE
student792,Vocational,A,Female,Uncertain,Urban,55,4250000,57.2,78.83,FALSE,TRUE
student793,Vocational,A,Female,Uncertain,Rural,54,4900000,81.4,86.47,TRUE,FALSE
student794,Academic,B,Male,Uncertain,Urban,55,5050000,81.2,83.36,FALSE,TRUE
student795,Vocational,B,Male,Uncertain,Rural,53,5960000,83.8,92.85,TRUE,TRUE
student796,Academic,A,Female,Very Interested,Rural,50,7030000,78.7,86.54,TRUE,TRUE
student797,Vocational,B,Female,Interested,Urban,48,5780000,37.1,84.21,TRUE,FALSE
student798,Vocational,B,Female,Very Interested,Urban,56,4210000,42.9,80.56,FALSE,TRUE
student799,Academic,A,Male,Less Interested,Urban,53,6550000,84.7,84.39,FALSE,TRUE
student800,Vocational,B,Male,Very Interested,Rural,50,5870000,86.5,85.51,TRUE,FALSE
student801,Vocational,A,Female,Very Interested,Rural,49,7010000,73.3,84.9,TRUE,FALSE
student802,Academic,B,Female,Not Interested,Rural,50,4920000,113.1,82.93,TRUE,TRUE
student803,Vocational,B,Female,Interested,Urban,53,4010000,55.4,85.31,TRUE,FALSE
student804,Academic,A,Female,Uncertain,Rural,49,2570000,73.1,83.07,TRUE,FALSE
student805,Vocational,A,Male,Very Interested,Urban,53,6010000,53.4,84.68,FALSE,FALSE
student806,Vocational,B,Male,Very Interested,Urban,54,5790000,89.8,85.89,TRUE,TRUE
student807,Academic,B,Female,Uncertain,Rural,51,6470000,77,92.25,TRUE,TRUE
student808,Vocational,A,Male,Very Interested,Urban,54,5020000,76.5,83.05,FALSE,TRUE
student809,Academic,B,Female,Not Interested,Urban,54,5150000,74.7,81.05,TRUE,TRUE
student810,Academic,B,Female,Uncertain,Rural,51,7050000,85.2,91.49,TRUE,TRUE
student811,Academic,B,Female,Interested,Urban,47,4070000,41.4,80.99,TRUE,FALSE
student812,Academic,A,Male,Interested,Urban,57,4130000,60.4,85.23,FALSE,FALSE
student813,Academic,B,Male,Very Interested,Rural,47,5140000,49.7,86.29,TRUE,FALSE
student814,Academic,B,Female,Less Interested,Rural,50,4490000,60,85.95,TRUE,FALSE
student815,Vocational,B,Female,Less Interested,Rural,45,7420000,76.3,88.58,TRUE,TRUE
student816,Academic,A,Female,Less Interested,Rural,50,7580000,84.9,86.8,FALSE,FALSE
student817,Vocational,A,Male,Very Interested,Rural,42,7530000,67.7,84.76,FALSE,FALSE
student818,Vocational,B,Female,Uncertain,Rural,51,5510000,87.6,83.9,TRUE,FALSE
student819,Academic,A,Male,Uncertain,Urban,49,7330000,67.2,83.64,FALSE,TRUE
student820,Academic,A,Male,Very Interested,Urban,54,6190000,98.3,89.27,FALSE,TRUE
student821,Vocational,A,Male,Very Interested,Urban,53,6320000,70.5,86.19,TRUE,TRUE
student822,Academic,A,Male,Less Interested,Urban,54,5550000,93.3,88.71,FALSE,TRUE
student823,Academic,A,Female,Very Interested,Urban,56,5240000,85.9,91,FALSE,TRUE
student824,Vocational,B,Male,Less Interested,Rural,52,4230000,60.3,84.6,TRUE,FALSE
student825,Vocational,A,Male,Less Interested,Urban,60,5070000,81.2,85.97,FALSE,TRUE
student826,Vocational,B,Male,Very Interested,Rural,52,6640000,81.8,87.7,TRUE,TRUE
student827,Academic,B,Female,Uncertain,Rural,52,6010000,87.8,92.03,TRUE,TRUE
student828,Vocational,A,Female,Uncertain,Urban,55,4190000,54.4,81.77,FALSE,TRUE
student829,Vocational,B,Female,Interested,Urban,52,4960000,36,82.5,TRUE,FALSE
student830,Vocational,A,Male,Interested,Urban,59,3630000,56.2,82.44,FALSE,FALSE
student831,Academic,A,Female,Less Interested,Rural,49,7390000,68.7,84.66,FALSE,FALSE
student832,Academic,B,Female,Uncertain,Rural,50,5640000,87.6,92.45,TRUE,TRUE
student833,Academic,A,Male,Less Interested,Urban,55,5180000,61.3,88.02,FALSE,FALSE
student834,Vocational,A,Male,Very Interested,Urban,56,3350000,87.4,93.45,TRUE,TRUE
student835,Academic,B,Female,Uncertain,Rural,45,6270000,71,89.08,TRUE,TRUE
student836,Academic,A,Male,Uncertain,Urban,51,7650000,64.2,87.03,FALSE,TRUE
student837,Vocational,B,Male,Uncertain,Rural,52,6120000,65.8,84.55,TRUE,FALSE
student838,Academic,A,Female,Less Interested,Urban,56,5330000,82.2,88.85,FALSE,TRUE
student839,Vocational,B,Male,Not Interested,Rural,49,4960000,81.7,85.37,TRUE,FALSE
student840,Vocational,A,Male,Less Interested,Rural,47,8930000,40.9,89.86,TRUE,TRUE
student841,Academic,B,Male,Interested,Urban,54,3940000,65.1,84.12,FALSE,FALSE
student842,Academic,B,Male,Uncertain,Rural,52,6660000,79.2,90.19,TRUE,TRUE
student843,Vocational,A,Female,Uncertain,Rural,56,5850000,101.6,88.16,FALSE,TRUE
student844,Academic,B,Female,Less Interested,Urban,56,5760000,89.9,85.93,FALSE,TRUE
student845,Academic,B,Female,Not Interested,Urban,57,4760000,85.5,85.13,FALSE,TRUE
student846,Academic,B,Male,Very Interested,Rural,52,3210000,83,89.02,TRUE,FALSE
student847,Academic,A,Female,Very Interested,Urban,52,6290000,63,85.61,FALSE,TRUE
student848,Vocational,A,Male,Uncertain,Urban,55,5410000,56.2,83.48,FALSE,TRUE
student849,Vocational,B,Male,Very Interested,Urban,55,4250000,68.6,81.93,FALSE,FALSE
student850,Academic,B,Male,Not Interested,Rural,49,5340000,80.4,94.06,TRUE,TRUE
student851,Academic,B,Female,Very Interested,Rural,50,5950000,99.9,83.64,TRUE,TRUE
student852,Academic,A,Male,Interested,Urban,55,5120000,99,87.08,FALSE,TRUE
student853,Vocational,B,Female,Uncertain,Rural,44,6240000,77.6,83.2,TRUE,FALSE
student854,Vocational,A,Female,Very Interested,Urban,53,5470000,76,82.55,FALSE,TRUE
student855,Academic,A,Male,Interested,Urban,60,5830000,63.4,80.4,FALSE,FALSE
student856,Academic,A,Male,Interested,Urban,54,6500000,57,82.37,FALSE,FALSE
student857,Vocational,A,Male,Interested,Rural,45,7370000,79.2,86.31,TRUE,TRUE
student858,Academic,B,Male,Very Interested,Urban,53,6280000,62.1,85.02,TRUE,TRUE
student859,Academic,B,Female,Very Interested,Rural,50,7500000,88.2,88.13,TRUE,TRUE
student860,Academic,A,Male,Less Interested,Rural,49,6770000,81,83.7,FALSE,FALSE
student861,Vocational,B,Female,Interested,Urban,53,4060000,62.8,88.07,FALSE,FALSE
student862,Academic,B,Male,Very Interested,Urban,53,6690000,80,86.77,FALSE,TRUE
student863,Academic,B,Male,Less Interested,Urban,53,3930000,60.9,84.01,TRUE,FALSE
student864,Academic,A,Female,Less Interested,Urban,58,4990000,48.8,81.6,FALSE,FALSE
student865,Vocational,A,Female,Uncertain,Rural,50,6230000,85.4,82.26,TRUE,TRUE
student866,Academic,A,Male,Very Interested,Urban,54,6360000,77.6,87.66,TRUE,TRUE
student867,Academic,A,Female,Less Interested,Urban,62,5220000,53,84.32,FALSE,FALSE
student868,Vocational,A,Male,Uncertain,Urban,52,4210000,66.9,83.8,FALSE,FALSE
student869,Academic,B,Female,Very Interested,Rural,49,6280000,96.4,89.97,TRUE,TRUE
student870,Vocational,B,Male,Uncertain,Rural,54,4870000,80.6,84.42,FALSE,FALSE
student871,Academic,A,Female,Very Interested,Urban,55,5520000,89.1,92.89,FALSE,TRUE
student872,Academic,B,Female,Very Interested,Urban,51,3620000,92.2,91.98,TRUE,TRUE
student873,Academic,B,Female,Interested,Urban,44,5900000,27.8,82.69,TRUE,FALSE
student874,Vocational,A,Female,Very Interested,Urban,53,5750000,68.8,83.53,FALSE,TRUE
student875,Academic,A,Female,Very Interested,Urban,54,5750000,61.3,84.85,FALSE,FALSE
student876,Vocational,A,Female,Interested,Rural,51,7210000,91.9,89.11,TRUE,TRUE
student877,Academic,B,Male,Interested,Urban,54,3710000,65.7,85.09,FALSE,FALSE
student878,Vocational,B,Female,Not Interested,Rural,54,3720000,85.3,84.64,TRUE,FALSE
student879,Vocational,B,Male,Very Interested,Rural,51,4870000,92.1,81.69,TRUE,FALSE
student880,Academic,A,Female,Less Interested,Urban,53,5910000,82,87.67,FALSE,TRUE
student881,Vocational,B,Female,Not Interested,Rural,49,4910000,68.7,84.64,TRUE,FALSE
student882,Academic,B,Female,Less Interested,Urban,58,3650000,64.6,84.14,FALSE,FALSE
student883,Vocational,A,Female,Uncertain,Urban,54,4210000,76,91.73,TRUE,TRUE
student884,Academic,B,Female,Very Interested,Urban,49,2560000,70.3,82.51,TRUE,FALSE
student885,Vocational,B,Female,Uncertain,Urban,60,4350000,63.7,83.06,FALSE,FALSE
student886,Vocational,A,Male,Uncertain,Rural,56,5320000,74.8,86.64,TRUE,FALSE
student887,Academic,A,Female,Less Interested,Urban,52,4510000,93.1,87.48,FALSE,TRUE
student888,Vocational,A,Female,Less Interested,Rural,54,5990000,97.3,89.36,FALSE,TRUE
student889,Academic,A,Male,Less Interested,Urban,54,4410000,48.4,83.68,FALSE,FALSE
student890,Vocational,B,Female,Not Interested,Rural,45,6330000,64.1,83.55,TRUE,FALSE
student891,Vocational,A,Female,Very Interested,Rural,45,8370000,81.7,92.24,TRUE,TRUE
student892,Academic,A,Female,Very Interested,Urban,55,5480000,96.3,91.84,FALSE,TRUE
student893,Vocational,B,Male,Uncertain,Rural,52,6240000,75.5,87.08,TRUE,TRUE
student894,Academic,B,Male,Very Interested,Rural,53,4090000,88.8,84.53,TRUE,FALSE
student895,Vocational,B,Male,Not Interested,Rural,48,5930000,68.7,85.86,TRUE,FALSE
student896,Vocational,A,Male,Uncertain,Urban,55,4970000,73.5,85.76,FALSE,FALSE
student897,Academic,B,Male,Very Interested,Urban,53,5330000,86.6,89.49,FALSE,TRUE
student898,Vocational,B,Male,Very Interested,Rural,49,6920000,66.7,87.04,TRUE,TRUE
student899,Vocational,A,Male,Uncertain,Rural,51,6830000,74,86.56,FALSE,FALSE
student900,Vocational,B,Female,Uncertain,Urban,49,6660000,53.1,84.06,TRUE,TRUE
student901,Academic,A,Female,Very Interested,Urban,52,6600000,84,88.36,FALSE,TRUE
student902,Vocational,B,Female,Uncertain,Rural,51,6950000,88.4,86.85,TRUE,FALSE
student903,Academic,B,Male,Very Interested,Urban,54,6420000,70,84.69,FALSE,TRUE
student904,Academic,A,Female,Uncertain,Urban,58,3840000,63.7,83.59,FALSE,FALSE
student905,Vocational,A,Female,Very Interested,Urban,53,4220000,66.8,80.29,FALSE,FALSE
student906,Academic,B,Male,Uncertain,Rural,48,5130000,89.7,92.55,TRUE,TRUE
student907,Academic,A,Female,Very Interested,Urban,51,8770000,67.4,84.75,FALSE,TRUE
student908,Vocational,A,Male,Not Interested,Rural,51,8550000,61.9,85.36,FALSE,TRUE
student909,Vocational,A,Female,Very Interested,Urban,60,2310000,76.7,75.62,FALSE,TRUE
student910,Academic,B,Male,Uncertain,Rural,51,6330000,69,84.5,TRUE,TRUE
student911,Vocational,A,Male,Very Interested,Urban,53,4950000,67.1,82.74,FALSE,TRUE
student912,Academic,B,Female,Less Interested,Urban,55,3020000,67,84.86,TRUE,FALSE
student913,Academic,B,Female,Very Interested,Rural,51,4020000,67.1,83.63,TRUE,FALSE
student914,Vocational,A,Female,Uncertain,Rural,53,4190000,79.7,84.57,FALSE,FALSE
student915,Vocational,A,Male,Interested,Urban,61,5170000,43.8,81.97,FALSE,FALSE
student916,Academic,A,Male,Uncertain,Urban,53,7860000,66.2,87.09,FALSE,TRUE
student917,Vocational,A,Male,Uncertain,Rural,52,5660000,64.3,84.54,FALSE,FALSE
student918,Vocational,B,Male,Not Interested,Rural,50,5610000,71.5,87.6,TRUE,FALSE
student919,Academic,B,Female,Very Interested,Urban,53,7980000,91,87.5,FALSE,TRUE
student920,Vocational,B,Female,Less Interested,Rural,50,5610000,75.8,81.07,TRUE,FALSE
student921,Vocational,B,Female,Very Interested,Rural,50,6960000,58.2,86.47,TRUE,TRUE
student922,Academic,A,Male,Uncertain,Rural,55,6960000,80.6,94.05,TRUE,TRUE
student923,Vocational,A,Male,Very Interested,Urban,55,5930000,62.7,83.7,FALSE,TRUE
student924,Academic,B,Male,Less Interested,Urban,52,4630000,72.9,81.45,TRUE,FALSE
student925,Academic,A,Male,Uncertain,Urban,52,4370000,75.2,91.38,TRUE,TRUE
student926,Academic,B,Male,Not Interested,Rural,51,6020000,96,87.63,TRUE,TRUE
student927,Academic,A,Female,Very Interested,Urban,55,4490000,88.6,89.42,FALSE,TRUE
student928,Academic,B,Female,Very Interested,Rural,54,4320000,86.8,83.17,TRUE,FALSE
student929,Academic,B,Female,Interested,Urban,56,3250000,67.8,83.94,FALSE,FALSE
student930,Academic,B,Male,Uncertain,Rural,57,5780000,99,88.61,TRUE,TRUE
student931,Academic,B,Male,Less Interested,Rural,48,5050000,36.5,81.41,TRUE,FALSE
student932,Vocational,B,Male,Interested,Urban,51,4180000,44,82.62,FALSE,FALSE
student933,Vocational,A,Male,Uncertain,Rural,55,6060000,90.4,90.41,TRUE,TRUE
student934,Vocational,B,Male,Very Interested,Urban,56,5580000,84.8,86.57,FALSE,TRUE
student935,Academic,B,Male,Uncertain,Rural,47,6530000,82.3,90.77,TRUE,TRUE
student936,Academic,A,Male,Less Interested,Urban,52,6430000,61.2,82.06,FALSE,FALSE
student937,Academic,A,Male,Very Interested,Urban,53,4430000,64.7,84.76,FALSE,FALSE
student938,Academic,B,Male,Very Interested,Urban,57,5430000,93.4,85.5,TRUE,TRUE
student939,Academic,B,Male,Interested,Urban,51,5960000,29.2,82.41,FALSE,FALSE
student940,Vocational,A,Female,Uncertain,Urban,55,5060000,78.1,85.34,FALSE,TRUE
student941,Vocational,A,Male,Less Interested,Urban,56,4800000,74.7,84.59,FALSE,TRUE
student942,Academic,A,Male,Less Interested,Urban,55,6660000,63.3,84.26,FALSE,FALSE
student943,Academic,B,Female,Very Interested,Urban,56,3530000,92.2,83.82,TRUE,FALSE
student944,Academic,A,Female,Less Interested,Urban,51,4650000,43.5,81.18,FALSE,FALSE
student945,Academic,B,Male,Uncertain,Rural,52,3330000,90,97,TRUE,TRUE
student946,Vocational,B,Female,Very Interested,Rural,50,5430000,91.9,81.08,TRUE,TRUE
student947,Vocational,A,Female,Uncertain,Urban,54,4760000,46.7,80.18,FALSE,TRUE
student948,Academic,A,Male,Less Interested,Rural,54,3540000,77.3,85.13,TRUE,FALSE
student949,Academic,A,Female,Very Interested,Urban,54,3060000,70.7,81.65,FALSE,FALSE
student950,Academic,B,Male,Interested,Urban,54,3900000,64.1,84.7,FALSE,FALSE
student951,Academic,B,Male,Uncertain,Urban,60,2650000,84.1,86.61,TRUE,FALSE
student952,Academic,A,Female,Very Interested,Urban,52,3420000,74.5,86.56,FALSE,FALSE
student953,Academic,B,Male,Very Interested,Urban,52,2000000,80,84.03,TRUE,FALSE
student954,Vocational,A,Male,Very Interested,Rural,52,5150000,98,84.49,FALSE,TRUE
student955,Vocational,B,Female,Uncertain,Rural,50,4410000,76.4,82.89,TRUE,FALSE
student956,Academic,B,Female,Less Interested,Urban,52,2460000,69.4,82.27,FALSE,FALSE
student957,Academic,A,Female,Less Interested,Urban,55,5030000,98,87.12,FALSE,TRUE
student958,Vocational,B,Male,Uncertain,Rural,55,4810000,88.4,93.87,TRUE,TRUE
student959,Vocational,A,Male,Not Interested,Rural,49,4070000,62.7,84.15,TRUE,FALSE
student960,Academic,A,Male,Less Interested,Urban,55,5640000,57.1,82.91,FALSE,FALSE
student961,Academic,A,Female,Uncertain,Urban,52,5360000,75,88.84,TRUE,TRUE
student962,Vocational,B,Male,Very Interested,Rural,51,4660000,83.4,80.42,TRUE,FALSE
student963,Academic,B,Female,Very Interested,Rural,45,3090000,69.5,81.73,TRUE,FALSE
student964,Vocational,A,Male,Interested,Urban,56,5760000,85,86.68,FALSE,TRUE
student965,Academic,A,Female,Very Interested,Urban,57,6570000,60,87.87,FALSE,FALSE
student966,Vocational,A,Male,Very Interested,Rural,50,5700000,78.8,83.35,FALSE,FALSE
student967,Academic,B,Female,Uncertain,Rural,50,7090000,80.1,89.82,TRUE,TRUE
student968,Vocational,A,Female,Uncertain,Urban,52,4180000,94.6,79.11,FALSE,TRUE
student969,Vocational,B,Female,Not Interested,Rural,51,6630000,62.5,90.62,TRUE,TRUE
student970,Academic,B,Male,Uncertain,Urban,53,5920000,63.7,87.52,TRUE,TRUE
student971,Academic,B,Male,Very Interested,Rural,55,8260000,91.1,88.25,TRUE,TRUE
student972,Vocational,A,Female,Very Interested,Urban,57,4560000,85.9,83.55,FALSE,TRUE
student973,Academic,B,Male,Uncertain,Urban,51,5120000,64,91.73,FALSE,TRUE
student974,Academic,B,Male,Less Interested,Urban,53,1000000,107.1,90.28,FALSE,TRUE
student975,Academic,B,Male,Very Interested,Urban,53,5700000,98.1,89.1,TRUE,TRUE
student976,Vocational,B,Male,Uncertain,Rural,47,5120000,82,82.1,TRUE,FALSE
student977,Academic,B,Male,Very Interested,Urban,56,3850000,60.9,82.33,TRUE,FALSE
student978,Academic,A,Female,Very Interested,Urban,51,6540000,64.4,85.98,FALSE,TRUE
student979,Academic,A,Female,Less Interested,Urban,57,4850000,93.8,86.85,FALSE,TRUE
student980,Academic,A,Female,Less Interested,Rural,52,5110000,54.8,84.5,TRUE,FALSE
student981,Academic,B,Male,Not Interested,Urban,52,5180000,78.4,81.06,TRUE,TRUE
student982,Academic,A,Male,Very Interested,Urban,51,5510000,76.8,85.52,FALSE,FALSE
student983,Vocational,A,Female,Very Interested,Rural,49,6370000,70.7,85.3,TRUE,TRUE
student984,Vocational,B,Male,Uncertain,Rural,48,6900000,59.6,85.14,TRUE,FALSE
student985,Academic,A,Male,Interested,Urban,57,4470000,57.2,87.19,FALSE,FALSE
student986,Vocational,A,Female,Less Interested,Rural,53,6450000,90.7,87.66,TRUE,TRUE
student987,Academic,A,Female,Less Interested,Urban,61,3680000,60.9,80.63,FALSE,FALSE
student988,Vocational,B,Male,Not Interested,Rural,47,4690000,93.6,88.2,TRUE,FALSE
student989,Academic,A,Female,Less Interested,Urban,54,7470000,78.6,86.38,FALSE,TRUE
student990,Vocational,B,Male,Very Interested,Rural,49,6000000,71.9,84.58,TRUE,FALSE
student991,Academic,A,Female,Less Interested,Urban,54,6500000,99.7,89.59,FALSE,TRUE
student992,Academic,B,Female,Very Interested,Rural,51,6910000,74.2,86.87,TRUE,TRUE
student993,Academic,B,Female,Less Interested,Urban,53,3770000,65.1,85.27,TRUE,FALSE
student994,Academic,B,Male,Very Interested,Rural,53,5000000,50.8,84.54,TRUE,FALSE
student995,Academic,B,Female,Less Interested,Urban,52,3270000,65,85.16,FALSE,FALSE
student996,Vocational,A,Female,Very Interested,Rural,49,7420000,63.6,85.99,TRUE,TRUE
student997,Academic,B,Female,Less Interested,Rural,51,7480000,84.3,89.72,TRUE,TRUE
student998,Vocational,A,Male,Less Interested,Urban,49,5550000,75.2,79.56,FALSE,TRUE
student999,Academic,B,Male,Uncertain,Rural,53,5840000,105.8,87.18,TRUE,TRUE
student1000,Academic,B,Male,Interested,Urban,50,2940000,69.1,86.13,TRUE,FALSE
